path_to_img,label
noContact/4305.hdf5,1
noContact/5977.hdf5,1
contact/1786.hdf5,0
noContact/3703.hdf5,1
noContact/3844.hdf5,1
noContact/3105.hdf5,1
contact/129.hdf5,0
noContact/5879.hdf5,1
contact/2345.hdf5,0
noContact/4524.hdf5,1
noContact/3801.hdf5,1
noContact/5246.hdf5,1
contact/1658.hdf5,0
contact/2168.hdf5,0
noContact/4111.hdf5,1
contact/2016.hdf5,0
contact/869.hdf5,0
noContact/4386.hdf5,1
noContact/4129.hdf5,1
contact/594.hdf5,0
contact/1493.hdf5,0
contact/791.hdf5,0
noContact/3744.hdf5,1
contact/3041.hdf5,0
noContact/5880.hdf5,1
contact/2662.hdf5,0
noContact/3581.hdf5,1
contact/894.hdf5,0
noContact/5208.hdf5,1
contact/1700.hdf5,0
contact/122.hdf5,0
contact/212.hdf5,0
noContact/4370.hdf5,1
noContact/5348.hdf5,1
noContact/5452.hdf5,1
noContact/4581.hdf5,1
noContact/6041.hdf5,1
contact/1147.hdf5,0
contact/538.hdf5,0
noContact/4442.hdf5,1
contact/488.hdf5,0
contact/2185.hdf5,0
noContact/5599.hdf5,1
noContact/3081.hdf5,1
contact/2114.hdf5,0
contact/2841.hdf5,0
contact/1079.hdf5,0
noContact/3479.hdf5,1
contact/1014.hdf5,0
contact/2159.hdf5,0
noContact/4520.hdf5,1
noContact/5424.hdf5,1
noContact/3414.hdf5,1
noContact/3183.hdf5,1
noContact/4133.hdf5,1
noContact/3395.hdf5,1
contact/1783.hdf5,0
noContact/3874.hdf5,1
noContact/3986.hdf5,1
contact/363.hdf5,0
noContact/4036.hdf5,1
noContact/4381.hdf5,1
noContact/5712.hdf5,1
noContact/4256.hdf5,1
noContact/5182.hdf5,1
contact/2169.hdf5,0
contact/2444.hdf5,0
contact/42.hdf5,0
contact/424.hdf5,0
noContact/4599.hdf5,1
noContact/4911.hdf5,1
noContact/5985.hdf5,1
contact/2843.hdf5,0
contact/1620.hdf5,0
noContact/4813.hdf5,1
noContact/5531.hdf5,1
contact/1374.hdf5,0
noContact/4674.hdf5,1
noContact/4263.hdf5,1
noContact/5319.hdf5,1
noContact/4576.hdf5,1
contact/1697.hdf5,0
noContact/5655.hdf5,1
contact/3063.hdf5,0
noContact/5559.hdf5,1
noContact/4302.hdf5,1
contact/2032.hdf5,0
contact/2172.hdf5,0
noContact/3870.hdf5,1
noContact/4312.hdf5,1
noContact/5919.hdf5,1
noContact/4882.hdf5,1
noContact/4519.hdf5,1
contact/2734.hdf5,0
contact/1911.hdf5,0
noContact/4531.hdf5,1
contact/131.hdf5,0
noContact/5996.hdf5,1
noContact/3259.hdf5,1
noContact/4274.hdf5,1
contact/1019.hdf5,0
noContact/5755.hdf5,1
noContact/3555.hdf5,1
contact/1426.hdf5,0
noContact/3652.hdf5,1
contact/2348.hdf5,0
noContact/5935.hdf5,1
noContact/3735.hdf5,1
contact/705.hdf5,0
contact/1814.hdf5,0
contact/1760.hdf5,0
contact/713.hdf5,0
contact/1391.hdf5,0
contact/2808.hdf5,0
contact/2870.hdf5,0
noContact/5968.hdf5,1
noContact/4880.hdf5,1
noContact/4174.hdf5,1
noContact/5070.hdf5,1
noContact/4540.hdf5,1
noContact/5266.hdf5,1
contact/2994.hdf5,0
noContact/6045.hdf5,1
contact/3022.hdf5,0
contact/1935.hdf5,0
contact/1800.hdf5,0
noContact/6112.hdf5,1
contact/2917.hdf5,0
contact/2188.hdf5,0
contact/2179.hdf5,0
contact/1772.hdf5,0
noContact/5381.hdf5,1
contact/3071.hdf5,0
contact/2491.hdf5,0
contact/2234.hdf5,0
noContact/3653.hdf5,1
noContact/4107.hdf5,1
contact/1296.hdf5,0
noContact/5184.hdf5,1
contact/1287.hdf5,0
noContact/4052.hdf5,1
contact/794.hdf5,0
contact/1698.hdf5,0
contact/78.hdf5,0
noContact/4059.hdf5,1
contact/730.hdf5,0
contact/258.hdf5,0
contact/1434.hdf5,0
noContact/5002.hdf5,1
contact/1845.hdf5,0
noContact/4337.hdf5,1
noContact/3286.hdf5,1
noContact/4071.hdf5,1
contact/828.hdf5,0
noContact/3516.hdf5,1
contact/2195.hdf5,0
noContact/5328.hdf5,1
contact/2037.hdf5,0
noContact/3991.hdf5,1
noContact/4293.hdf5,1
noContact/3875.hdf5,1
noContact/5936.hdf5,1
contact/1984.hdf5,0
noContact/5683.hdf5,1
noContact/3721.hdf5,1
contact/2243.hdf5,0
noContact/3205.hdf5,1
contact/579.hdf5,0
contact/1954.hdf5,0
contact/2738.hdf5,0
contact/1622.hdf5,0
contact/250.hdf5,0
noContact/4318.hdf5,1
noContact/5196.hdf5,1
contact/2317.hdf5,0
contact/559.hdf5,0
contact/1887.hdf5,0
noContact/4308.hdf5,1
contact/434.hdf5,0
noContact/5337.hdf5,1
contact/3008.hdf5,0
noContact/5189.hdf5,1
noContact/4369.hdf5,1
noContact/4918.hdf5,1
contact/2386.hdf5,0
contact/1724.hdf5,0
noContact/3524.hdf5,1
noContact/3799.hdf5,1
noContact/3362.hdf5,1
noContact/5388.hdf5,1
contact/2461.hdf5,0
noContact/3743.hdf5,1
noContact/3802.hdf5,1
noContact/4401.hdf5,1
noContact/3280.hdf5,1
contact/967.hdf5,0
contact/810.hdf5,0
contact/1053.hdf5,0
noContact/3182.hdf5,1
contact/1431.hdf5,0
contact/3060.hdf5,0
contact/2447.hdf5,0
noContact/3764.hdf5,1
contact/1457.hdf5,0
contact/1507.hdf5,0
noContact/5274.hdf5,1
noContact/4433.hdf5,1
noContact/5616.hdf5,1
noContact/5667.hdf5,1
noContact/6142.hdf5,1
noContact/4938.hdf5,1
contact/2550.hdf5,0
noContact/4449.hdf5,1
contact/2974.hdf5,0
contact/3000.hdf5,0
contact/1223.hdf5,0
noContact/3972.hdf5,1
noContact/6095.hdf5,1
noContact/4101.hdf5,1
noContact/3550.hdf5,1
noContact/5548.hdf5,1
contact/584.hdf5,0
noContact/5258.hdf5,1
noContact/3950.hdf5,1
contact/2.hdf5,0
contact/3025.hdf5,0
noContact/4652.hdf5,1
contact/3068.hdf5,0
contact/2373.hdf5,0
noContact/5823.hdf5,1
noContact/3145.hdf5,1
contact/2124.hdf5,0
contact/2271.hdf5,0
noContact/4988.hdf5,1
noContact/5420.hdf5,1
contact/308.hdf5,0
contact/1254.hdf5,0
contact/757.hdf5,0
contact/643.hdf5,0
contact/2800.hdf5,0
noContact/3293.hdf5,1
contact/1332.hdf5,0
noContact/4935.hdf5,1
noContact/3390.hdf5,1
noContact/3916.hdf5,1
noContact/5106.hdf5,1
noContact/3091.hdf5,1
contact/260.hdf5,0
noContact/3420.hdf5,1
contact/988.hdf5,0
noContact/4109.hdf5,1
contact/1096.hdf5,0
contact/1500.hdf5,0
noContact/5155.hdf5,1
noContact/5054.hdf5,1
contact/17.hdf5,0
noContact/5441.hdf5,1
contact/2404.hdf5,0
noContact/5231.hdf5,1
contact/1688.hdf5,0
noContact/5487.hdf5,1
contact/2441.hdf5,0
contact/1394.hdf5,0
contact/987.hdf5,0
noContact/3222.hdf5,1
noContact/4156.hdf5,1
noContact/4413.hdf5,1
contact/1638.hdf5,0
contact/739.hdf5,0
noContact/4593.hdf5,1
noContact/5536.hdf5,1
contact/192.hdf5,0
contact/1537.hdf5,0
noContact/5631.hdf5,1
noContact/3502.hdf5,1
noContact/6093.hdf5,1
noContact/4508.hdf5,1
contact/2935.hdf5,0
noContact/4980.hdf5,1
contact/2573.hdf5,0
contact/2689.hdf5,0
noContact/4255.hdf5,1
contact/907.hdf5,0
contact/1097.hdf5,0
noContact/5110.hdf5,1
contact/2099.hdf5,0
noContact/6139.hdf5,1
noContact/4953.hdf5,1
noContact/3240.hdf5,1
noContact/5753.hdf5,1
contact/567.hdf5,0
noContact/4185.hdf5,1
contact/2228.hdf5,0
contact/204.hdf5,0
noContact/4560.hdf5,1
contact/1290.hdf5,0
contact/2504.hdf5,0
contact/1280.hdf5,0
noContact/3498.hdf5,1
noContact/3684.hdf5,1
noContact/4154.hdf5,1
noContact/4089.hdf5,1
contact/1964.hdf5,0
noContact/5148.hdf5,1
contact/1820.hdf5,0
noContact/3863.hdf5,1
contact/2324.hdf5,0
noContact/3368.hdf5,1
noContact/4834.hdf5,1
noContact/5671.hdf5,1
contact/740.hdf5,0
contact/2998.hdf5,0
contact/694.hdf5,0
noContact/3937.hdf5,1
contact/2664.hdf5,0
noContact/3936.hdf5,1
noContact/5718.hdf5,1
noContact/5193.hdf5,1
noContact/5468.hdf5,1
contact/2855.hdf5,0
contact/2282.hdf5,0
contact/3001.hdf5,0
contact/1355.hdf5,0
noContact/5186.hdf5,1
contact/1375.hdf5,0
contact/346.hdf5,0
noContact/3907.hdf5,1
contact/1256.hdf5,0
noContact/3824.hdf5,1
contact/1753.hdf5,0
noContact/5579.hdf5,1
noContact/5545.hdf5,1
noContact/3210.hdf5,1
noContact/5785.hdf5,1
contact/675.hdf5,0
noContact/3285.hdf5,1
contact/587.hdf5,0
noContact/3949.hdf5,1
noContact/6024.hdf5,1
noContact/5818.hdf5,1
contact/2954.hdf5,0
contact/1610.hdf5,0
noContact/4169.hdf5,1
contact/2623.hdf5,0
noContact/5336.hdf5,1
noContact/5934.hdf5,1
contact/441.hdf5,0
noContact/4055.hdf5,1
contact/2207.hdf5,0
contact/311.hdf5,0
noContact/3288.hdf5,1
contact/69.hdf5,0
contact/2976.hdf5,0
noContact/5136.hdf5,1
contact/1421.hdf5,0
contact/928.hdf5,0
noContact/6141.hdf5,1
noContact/5353.hdf5,1
contact/2048.hdf5,0
contact/1968.hdf5,0
noContact/3708.hdf5,1
noContact/5157.hdf5,1
contact/2397.hdf5,0
contact/645.hdf5,0
noContact/5707.hdf5,1
contact/668.hdf5,0
noContact/3491.hdf5,1
noContact/5064.hdf5,1
noContact/4752.hdf5,1
contact/2787.hdf5,0
contact/1341.hdf5,0
noContact/3243.hdf5,1
contact/292.hdf5,0
noContact/3294.hdf5,1
noContact/5647.hdf5,1
contact/2716.hdf5,0
noContact/5628.hdf5,1
contact/493.hdf5,0
noContact/4838.hdf5,1
contact/1769.hdf5,0
contact/1399.hdf5,0
noContact/5681.hdf5,1
noContact/4245.hdf5,1
noContact/5397.hdf5,1
contact/2717.hdf5,0
noContact/5895.hdf5,1
contact/2382.hdf5,0
contact/1787.hdf5,0
contact/3030.hdf5,0
noContact/4356.hdf5,1
noContact/4207.hdf5,1
noContact/3553.hdf5,1
contact/2280.hdf5,0
contact/2919.hdf5,0
contact/2743.hdf5,0
noContact/4260.hdf5,1
noContact/3795.hdf5,1
contact/54.hdf5,0
contact/1824.hdf5,0
contact/2055.hdf5,0
noContact/3890.hdf5,1
noContact/4724.hdf5,1
noContact/3687.hdf5,1
noContact/3138.hdf5,1
contact/468.hdf5,0
contact/756.hdf5,0
noContact/4247.hdf5,1
contact/2223.hdf5,0
noContact/5085.hdf5,1
contact/2574.hdf5,0
noContact/5810.hdf5,1
contact/3004.hdf5,0
noContact/3079.hdf5,1
contact/1990.hdf5,0
contact/115.hdf5,0
contact/295.hdf5,0
noContact/3726.hdf5,1
noContact/3456.hdf5,1
contact/602.hdf5,0
contact/851.hdf5,0
contact/783.hdf5,0
contact/1561.hdf5,0
noContact/4942.hdf5,1
contact/1828.hdf5,0
contact/2923.hdf5,0
noContact/6049.hdf5,1
noContact/5877.hdf5,1
noContact/3628.hdf5,1
contact/360.hdf5,0
contact/1240.hdf5,0
contact/1030.hdf5,0
contact/176.hdf5,0
noContact/5449.hdf5,1
contact/1927.hdf5,0
contact/218.hdf5,0
noContact/5426.hdf5,1
contact/2792.hdf5,0
noContact/3327.hdf5,1
contact/1319.hdf5,0
noContact/3556.hdf5,1
contact/3027.hdf5,0
contact/1690.hdf5,0
noContact/3461.hdf5,1
noContact/3745.hdf5,1
contact/2959.hdf5,0
contact/147.hdf5,0
contact/3069.hdf5,0
noContact/4797.hdf5,1
noContact/3718.hdf5,1
contact/1960.hdf5,0
contact/1745.hdf5,0
contact/1472.hdf5,0
noContact/4698.hdf5,1
noContact/4881.hdf5,1
contact/2020.hdf5,0
contact/1007.hdf5,0
contact/430.hdf5,0
noContact/3124.hdf5,1
noContact/3984.hdf5,1
contact/1696.hdf5,0
noContact/5555.hdf5,1
contact/1340.hdf5,0
noContact/5124.hdf5,1
contact/2699.hdf5,0
noContact/4859.hdf5,1
noContact/5237.hdf5,1
noContact/3829.hdf5,1
contact/1050.hdf5,0
contact/1178.hdf5,0
noContact/3419.hdf5,1
noContact/6106.hdf5,1
noContact/5431.hdf5,1
contact/908.hdf5,0
contact/2083.hdf5,0
contact/1562.hdf5,0
contact/1630.hdf5,0
contact/2877.hdf5,0
noContact/3711.hdf5,1
contact/2907.hdf5,0
noContact/3473.hdf5,1
contact/900.hdf5,0
contact/2349.hdf5,0
noContact/4056.hdf5,1
noContact/4673.hdf5,1
noContact/5167.hdf5,1
noContact/4254.hdf5,1
contact/1456.hdf5,0
contact/1219.hdf5,0
noContact/4893.hdf5,1
contact/722.hdf5,0
contact/2681.hdf5,0
contact/1531.hdf5,0
noContact/3256.hdf5,1
noContact/3291.hdf5,1
contact/1049.hdf5,0
contact/1676.hdf5,0
contact/1714.hdf5,0
contact/271.hdf5,0
noContact/3475.hdf5,1
contact/1563.hdf5,0
contact/2418.hdf5,0
contact/1217.hdf5,0
noContact/3174.hdf5,1
contact/2075.hdf5,0
contact/2889.hdf5,0
noContact/5392.hdf5,1
contact/2387.hdf5,0
contact/2856.hdf5,0
contact/2378.hdf5,0
noContact/3679.hdf5,1
noContact/4383.hdf5,1
noContact/4213.hdf5,1
contact/1673.hdf5,0
contact/2762.hdf5,0
noContact/5842.hdf5,1
noContact/4264.hdf5,1
contact/2810.hdf5,0
contact/1756.hdf5,0
noContact/3148.hdf5,1
contact/378.hdf5,0
noContact/4374.hdf5,1
noContact/3378.hdf5,1
contact/585.hdf5,0
contact/243.hdf5,0
contact/1666.hdf5,0
contact/1565.hdf5,0
contact/490.hdf5,0
noContact/5372.hdf5,1
contact/315.hdf5,0
noContact/4258.hdf5,1
noContact/3792.hdf5,1
noContact/3789.hdf5,1
contact/2745.hdf5,0
noContact/4289.hdf5,1
contact/2564.hdf5,0
contact/2343.hdf5,0
noContact/5772.hdf5,1
noContact/3558.hdf5,1
noContact/5233.hdf5,1
noContact/3732.hdf5,1
contact/1568.hdf5,0
noContact/4349.hdf5,1
contact/1717.hdf5,0
contact/563.hdf5,0
contact/1467.hdf5,0
noContact/5513.hdf5,1
contact/1947.hdf5,0
contact/124.hdf5,0
noContact/5847.hdf5,1
contact/1972.hdf5,0
contact/2936.hdf5,0
noContact/5619.hdf5,1
noContact/4515.hdf5,1
noContact/3815.hdf5,1
contact/2770.hdf5,0
noContact/3626.hdf5,1
noContact/5838.hdf5,1
contact/1516.hdf5,0
contact/1528.hdf5,0
noContact/4279.hdf5,1
noContact/5320.hdf5,1
noContact/3977.hdf5,1
contact/1831.hdf5,0
contact/1320.hdf5,0
contact/1416.hdf5,0
noContact/3962.hdf5,1
noContact/3394.hdf5,1
noContact/3150.hdf5,1
noContact/3632.hdf5,1
noContact/4992.hdf5,1
noContact/3568.hdf5,1
noContact/5733.hdf5,1
contact/507.hdf5,0
noContact/5644.hdf5,1
contact/511.hdf5,0
noContact/3971.hdf5,1
contact/2496.hdf5,0
contact/616.hdf5,0
noContact/3878.hdf5,1
noContact/5216.hdf5,1
contact/2489.hdf5,0
noContact/5280.hdf5,1
contact/2197.hdf5,0
noContact/6053.hdf5,1
contact/2499.hdf5,0
noContact/5690.hdf5,1
noContact/5813.hdf5,1
contact/3055.hdf5,0
noContact/4496.hdf5,1
contact/1144.hdf5,0
contact/992.hdf5,0
noContact/5044.hdf5,1
contact/802.hdf5,0
noContact/4899.hdf5,1
noContact/5938.hdf5,1
contact/388.hdf5,0
contact/970.hdf5,0
noContact/4815.hdf5,1
contact/1748.hdf5,0
noContact/6048.hdf5,1
noContact/3443.hdf5,1
noContact/4704.hdf5,1
contact/990.hdf5,0
noContact/5984.hdf5,1
noContact/3683.hdf5,1
noContact/3412.hdf5,1
contact/1301.hdf5,0
contact/2579.hdf5,0
contact/473.hdf5,0
noContact/5666.hdf5,1
contact/1034.hdf5,0
contact/2862.hdf5,0
noContact/4760.hdf5,1
contact/485.hdf5,0
noContact/4872.hdf5,1
contact/1077.hdf5,0
contact/2426.hdf5,0
contact/174.hdf5,0
noContact/5686.hdf5,1
contact/2210.hdf5,0
contact/1453.hdf5,0
noContact/4929.hdf5,1
contact/2299.hdf5,0
contact/1548.hdf5,0
contact/1125.hdf5,0
noContact/3974.hdf5,1
noContact/5378.hdf5,1
contact/1646.hdf5,0
contact/2611.hdf5,0
contact/1441.hdf5,0
noContact/4476.hdf5,1
contact/833.hdf5,0
noContact/5669.hdf5,1
contact/1250.hdf5,0
contact/1039.hdf5,0
contact/1136.hdf5,0
contact/1913.hdf5,0
contact/2751.hdf5,0
noContact/4378.hdf5,1
contact/202.hdf5,0
contact/2480.hdf5,0
contact/170.hdf5,0
noContact/4580.hdf5,1
noContact/4199.hdf5,1
noContact/3942.hdf5,1
contact/663.hdf5,0
noContact/6055.hdf5,1
contact/2144.hdf5,0
contact/2883.hdf5,0
contact/374.hdf5,0
contact/77.hdf5,0
noContact/3842.hdf5,1
noContact/4368.hdf5,1
contact/2514.hdf5,0
contact/1202.hdf5,0
contact/944.hdf5,0
contact/3072.hdf5,0
noContact/3106.hdf5,1
noContact/6127.hdf5,1
noContact/3196.hdf5,1
contact/368.hdf5,0
noContact/3767.hdf5,1
noContact/5100.hdf5,1
contact/608.hdf5,0
contact/1085.hdf5,0
contact/1792.hdf5,0
contact/727.hdf5,0
noContact/3859.hdf5,1
noContact/4389.hdf5,1
noContact/5627.hdf5,1
noContact/5020.hdf5,1
noContact/3236.hdf5,1
contact/2520.hdf5,0
noContact/3663.hdf5,1
contact/3073.hdf5,0
noContact/3343.hdf5,1
contact/701.hdf5,0
contact/3053.hdf5,0
contact/2972.hdf5,0
noContact/4756.hdf5,1
contact/216.hdf5,0
noContact/3851.hdf5,1
noContact/4138.hdf5,1
contact/895.hdf5,0
noContact/3287.hdf5,1
noContact/3979.hdf5,1
noContact/6026.hdf5,1
contact/558.hdf5,0
noContact/4999.hdf5,1
noContact/4210.hdf5,1
noContact/3644.hdf5,1
contact/2722.hdf5,0
contact/405.hdf5,0
contact/3054.hdf5,0
noContact/6059.hdf5,1
noContact/3552.hdf5,1
contact/2209.hdf5,0
noContact/5997.hdf5,1
noContact/4065.hdf5,1
noContact/5577.hdf5,1
noContact/4345.hdf5,1
contact/2355.hdf5,0
contact/1090.hdf5,0
noContact/5568.hdf5,1
contact/1652.hdf5,0
noContact/3292.hdf5,1
noContact/5440.hdf5,1
noContact/4095.hdf5,1
noContact/4331.hdf5,1
contact/606.hdf5,0
contact/2967.hdf5,0
noContact/5299.hdf5,1
contact/1589.hdf5,0
contact/586.hdf5,0
noContact/4600.hdf5,1
noContact/4807.hdf5,1
contact/621.hdf5,0
noContact/3588.hdf5,1
noContact/4451.hdf5,1
noContact/4455.hdf5,1
contact/2068.hdf5,0
contact/1635.hdf5,0
noContact/5856.hdf5,1
noContact/5352.hdf5,1
noContact/3439.hdf5,1
contact/746.hdf5,0
contact/1022.hdf5,0
noContact/5432.hdf5,1
contact/2795.hdf5,0
contact/1497.hdf5,0
noContact/3178.hdf5,1
noContact/6143.hdf5,1
noContact/5916.hdf5,1
contact/2266.hdf5,0
noContact/5724.hdf5,1
noContact/5626.hdf5,1
noContact/4582.hdf5,1
contact/2809.hdf5,0
contact/2180.hdf5,0
contact/2914.hdf5,0
noContact/4394.hdf5,1
noContact/5705.hdf5,1
contact/2710.hdf5,0
contact/811.hdf5,0
contact/75.hdf5,0
noContact/5665.hdf5,1
contact/158.hdf5,0
contact/1592.hdf5,0
noContact/6019.hdf5,1
noContact/3707.hdf5,1
contact/252.hdf5,0
contact/2442.hdf5,0
contact/2034.hdf5,0
noContact/4467.hdf5,1
noContact/4850.hdf5,1
noContact/3215.hdf5,1
noContact/5869.hdf5,1
noContact/5967.hdf5,1
contact/2616.hdf5,0
noContact/3980.hdf5,1
contact/1195.hdf5,0
noContact/4486.hdf5,1
contact/297.hdf5,0
contact/2060.hdf5,0
contact/2635.hdf5,0
contact/2364.hdf5,0
noContact/3518.hdf5,1
noContact/5600.hdf5,1
contact/2133.hdf5,0
contact/486.hdf5,0
noContact/3195.hdf5,1
noContact/4949.hdf5,1
contact/676.hdf5,0
noContact/3629.hdf5,1
contact/1640.hdf5,0
noContact/5959.hdf5,1
contact/1888.hdf5,0
contact/807.hdf5,0
noContact/3262.hdf5,1
contact/2703.hdf5,0
noContact/5360.hdf5,1
noContact/4113.hdf5,1
contact/2362.hdf5,0
noContact/3622.hdf5,1
noContact/3839.hdf5,1
contact/302.hdf5,0
contact/1259.hdf5,0
noContact/3133.hdf5,1
contact/2018.hdf5,0
noContact/5940.hdf5,1
noContact/4428.hdf5,1
contact/262.hdf5,0
noContact/4846.hdf5,1
contact/1130.hdf5,0
noContact/4172.hdf5,1
contact/1268.hdf5,0
contact/2721.hdf5,0
noContact/3264.hdf5,1
contact/151.hdf5,0
noContact/5176.hdf5,1
noContact/4685.hdf5,1
noContact/3605.hdf5,1
contact/3007.hdf5,0
contact/1198.hdf5,0
noContact/4300.hdf5,1
contact/1882.hdf5,0
noContact/4974.hdf5,1
noContact/5710.hdf5,1
contact/1593.hdf5,0
noContact/5589.hdf5,1
contact/882.hdf5,0
noContact/4638.hdf5,1
contact/342.hdf5,0
contact/2772.hdf5,0
contact/155.hdf5,0
noContact/5031.hdf5,1
contact/2940.hdf5,0
contact/2916.hdf5,0
contact/2312.hdf5,0
contact/1627.hdf5,0
contact/855.hdf5,0
noContact/3350.hdf5,1
noContact/5444.hdf5,1
contact/1315.hdf5,0
noContact/3504.hdf5,1
contact/38.hdf5,0
noContact/3447.hdf5,1
contact/1392.hdf5,0
contact/330.hdf5,0
noContact/3329.hdf5,1
contact/936.hdf5,0
contact/248.hdf5,0
contact/193.hdf5,0
noContact/4494.hdf5,1
noContact/4241.hdf5,1
contact/2398.hdf5,0
contact/2385.hdf5,0
contact/1068.hdf5,0
contact/16.hdf5,0
noContact/5165.hdf5,1
noContact/4171.hdf5,1
noContact/3967.hdf5,1
noContact/4810.hdf5,1
contact/190.hdf5,0
noContact/4423.hdf5,1
noContact/4462.hdf5,1
contact/880.hdf5,0
noContact/5607.hdf5,1
noContact/4739.hdf5,1
noContact/3920.hdf5,1
contact/1536.hdf5,0
noContact/5553.hdf5,1
contact/358.hdf5,0
noContact/4983.hdf5,1
contact/2505.hdf5,0
noContact/4951.hdf5,1
noContact/4528.hdf5,1
contact/1570.hdf5,0
noContact/5283.hdf5,1
contact/646.hdf5,0
noContact/4412.hdf5,1
contact/384.hdf5,0
noContact/4566.hdf5,1
noContact/5760.hdf5,1
noContact/6090.hdf5,1
contact/562.hdf5,0
noContact/6021.hdf5,1
contact/2383.hdf5,0
contact/1918.hdf5,0
noContact/4845.hdf5,1
contact/400.hdf5,0
noContact/4250.hdf5,1
noContact/5812.hdf5,1
contact/1979.hdf5,0
contact/2028.hdf5,0
noContact/4325.hdf5,1
contact/1103.hdf5,0
noContact/3422.hdf5,1
noContact/6138.hdf5,1
contact/1228.hdf5,0
contact/1119.hdf5,0
contact/333.hdf5,0
noContact/5253.hdf5,1
noContact/3884.hdf5,1
noContact/3258.hdf5,1
noContact/3645.hdf5,1
contact/699.hdf5,0
noContact/6119.hdf5,1
noContact/4645.hdf5,1
noContact/5229.hdf5,1
contact/1249.hdf5,0
contact/1388.hdf5,0
contact/1496.hdf5,0
noContact/3987.hdf5,1
noContact/4827.hdf5,1
noContact/5294.hdf5,1
noContact/3370.hdf5,1
noContact/3347.hdf5,1
contact/2601.hdf5,0
noContact/5412.hdf5,1
contact/2240.hdf5,0
noContact/4063.hdf5,1
noContact/4498.hdf5,1
contact/1965.hdf5,0
noContact/3110.hdf5,1
noContact/4226.hdf5,1
noContact/3519.hdf5,1
contact/1932.hdf5,0
noContact/4662.hdf5,1
noContact/3326.hdf5,1
noContact/4050.hdf5,1
noContact/5715.hdf5,1
noContact/4769.hdf5,1
noContact/3474.hdf5,1
noContact/4877.hdf5,1
noContact/4355.hdf5,1
noContact/3154.hdf5,1
noContact/5799.hdf5,1
contact/752.hdf5,0
contact/1768.hdf5,0
noContact/5260.hdf5,1
noContact/5415.hdf5,1
contact/1308.hdf5,0
contact/1109.hdf5,0
contact/2174.hdf5,0
noContact/6117.hdf5,1
contact/3028.hdf5,0
noContact/5547.hdf5,1
noContact/4713.hdf5,1
noContact/5201.hdf5,1
contact/716.hdf5,0
noContact/5622.hdf5,1
contact/2342.hdf5,0
contact/2608.hdf5,0
noContact/3945.hdf5,1
contact/805.hdf5,0
noContact/3540.hdf5,1
contact/1277.hdf5,0
contact/1863.hdf5,0
noContact/5069.hdf5,1
contact/2650.hdf5,0
noContact/4971.hdf5,1
contact/1318.hdf5,0
noContact/5714.hdf5,1
contact/1323.hdf5,0
noContact/3808.hdf5,1
noContact/3155.hdf5,1
noContact/3631.hdf5,1
contact/1740.hdf5,0
contact/1771.hdf5,0
contact/1445.hdf5,0
contact/1271.hdf5,0
noContact/3496.hdf5,1
noContact/3820.hdf5,1
contact/1213.hdf5,0
noContact/4163.hdf5,1
noContact/4682.hdf5,1
contact/2708.hdf5,0
noContact/4757.hdf5,1
noContact/5741.hdf5,1
noContact/5098.hdf5,1
contact/2321.hdf5,0
contact/1851.hdf5,0
contact/2457.hdf5,0
noContact/6006.hdf5,1
noContact/6068.hdf5,1
noContact/3377.hdf5,1
contact/2642.hdf5,0
contact/382.hdf5,0
noContact/5511.hdf5,1
noContact/4259.hdf5,1
noContact/5134.hdf5,1
contact/2700.hdf5,0
contact/1236.hdf5,0
contact/33.hdf5,0
noContact/4079.hdf5,1
contact/2767.hdf5,0
contact/2730.hdf5,0
contact/824.hdf5,0
noContact/3607.hdf5,1
contact/1286.hdf5,0
noContact/4126.hdf5,1
noContact/4391.hdf5,1
noContact/4165.hdf5,1
noContact/4313.hdf5,1
contact/804.hdf5,0
noContact/5988.hdf5,1
noContact/6005.hdf5,1
noContact/5344.hdf5,1
contact/447.hdf5,0
noContact/3366.hdf5,1
noContact/5527.hdf5,1
contact/1601.hdf5,0
noContact/3478.hdf5,1
contact/2182.hdf5,0
contact/1023.hdf5,0
noContact/3316.hdf5,1
noContact/5886.hdf5,1
noContact/5033.hdf5,1
noContact/4635.hdf5,1
contact/2064.hdf5,0
contact/196.hdf5,0
contact/337.hdf5,0
noContact/5529.hdf5,1
contact/98.hdf5,0
noContact/3985.hdf5,1
noContact/5406.hdf5,1
noContact/5930.hdf5,1
noContact/4238.hdf5,1
noContact/4640.hdf5,1
contact/2761.hdf5,0
noContact/4670.hdf5,1
contact/1994.hdf5,0
contact/2542.hdf5,0
contact/2530.hdf5,0
contact/996.hdf5,0
noContact/3572.hdf5,1
contact/1629.hdf5,0
noContact/4507.hdf5,1
contact/1755.hdf5,0
noContact/3311.hdf5,1
noContact/4977.hdf5,1
noContact/4695.hdf5,1
contact/1575.hdf5,0
contact/920.hdf5,0
noContact/6109.hdf5,1
contact/273.hdf5,0
noContact/3226.hdf5,1
noContact/4814.hdf5,1
contact/395.hdf5,0
noContact/4191.hdf5,1
contact/817.hdf5,0
noContact/3358.hdf5,1
noContact/4714.hdf5,1
noContact/3272.hdf5,1
noContact/4829.hdf5,1
noContact/5049.hdf5,1
contact/2014.hdf5,0
noContact/4571.hdf5,1
noContact/3696.hdf5,1
noContact/4542.hdf5,1
noContact/4933.hdf5,1
contact/2415.hdf5,0
contact/3051.hdf5,0
contact/2416.hdf5,0
contact/2434.hdf5,0
noContact/6047.hdf5,1
noContact/4027.hdf5,1
contact/1587.hdf5,0
contact/19.hdf5,0
noContact/5585.hdf5,1
noContact/5725.hdf5,1
noContact/5836.hdf5,1
contact/1481.hdf5,0
contact/937.hdf5,0
contact/2236.hdf5,0
contact/1861.hdf5,0
noContact/3246.hdf5,1
contact/1812.hdf5,0
noContact/5868.hdf5,1
noContact/4831.hdf5,1
contact/945.hdf5,0
contact/2559.hdf5,0
noContact/5003.hdf5,1
contact/625.hdf5,0
noContact/4721.hdf5,1
noContact/4555.hdf5,1
noContact/3250.hdf5,1
noContact/5454.hdf5,1
contact/422.hdf5,0
contact/1585.hdf5,0
noContact/6009.hdf5,1
contact/1138.hdf5,0
contact/288.hdf5,0
noContact/3449.hdf5,1
noContact/5004.hdf5,1
contact/939.hdf5,0
contact/957.hdf5,0
contact/2884.hdf5,0
contact/2205.hdf5,0
contact/870.hdf5,0
contact/1739.hdf5,0
contact/320.hdf5,0
contact/1121.hdf5,0
contact/2469.hdf5,0
contact/2393.hdf5,0
noContact/6085.hdf5,1
noContact/3218.hdf5,1
contact/995.hdf5,0
noContact/3289.hdf5,1
contact/179.hdf5,0
noContact/3084.hdf5,1
contact/336.hdf5,0
contact/239.hdf5,0
contact/1489.hdf5,0
noContact/5115.hdf5,1
noContact/3648.hdf5,1
noContact/4459.hdf5,1
contact/557.hdf5,0
contact/105.hdf5,0
contact/64.hdf5,0
contact/102.hdf5,0
noContact/5259.hdf5,1
noContact/3903.hdf5,1
noContact/4153.hdf5,1
contact/1224.hdf5,0
noContact/5921.hdf5,1
noContact/5518.hdf5,1
contact/615.hdf5,0
contact/2971.hdf5,0
noContact/3817.hdf5,1
contact/55.hdf5,0
contact/2053.hdf5,0
noContact/4622.hdf5,1
contact/1819.hdf5,0
noContact/4958.hdf5,1
noContact/3435.hdf5,1
contact/1303.hdf5,0
noContact/3217.hdf5,1
noContact/3418.hdf5,1
noContact/3697.hdf5,1
noContact/6120.hdf5,1
contact/514.hdf5,0
noContact/5738.hdf5,1
noContact/4316.hdf5,1
noContact/4167.hdf5,1
noContact/5787.hdf5,1
noContact/6043.hdf5,1
noContact/5837.hdf5,1
noContact/4285.hdf5,1
contact/725.hdf5,0
noContact/5491.hdf5,1
noContact/4058.hdf5,1
noContact/5809.hdf5,1
noContact/4170.hdf5,1
contact/2781.hdf5,0
noContact/3307.hdf5,1
contact/236.hdf5,0
noContact/6056.hdf5,1
noContact/5389.hdf5,1
contact/2934.hdf5,0
noContact/5410.hdf5,1
noContact/3444.hdf5,1
contact/2008.hdf5,0
contact/2264.hdf5,0
noContact/5451.hdf5,1
contact/3077.hdf5,0
noContact/3686.hdf5,1
noContact/4130.hdf5,1
noContact/3748.hdf5,1
noContact/3895.hdf5,1
contact/1155.hdf5,0
contact/1001.hdf5,0
contact/1653.hdf5,0
contact/1732.hdf5,0
noContact/5047.hdf5,1
contact/2565.hdf5,0
noContact/4010.hdf5,1
contact/2955.hdf5,0
noContact/5450.hdf5,1
noContact/5596.hdf5,1
contact/2777.hdf5,0
contact/452.hdf5,0
contact/958.hdf5,0
noContact/3398.hdf5,1
noContact/5400.hdf5,1
noContact/5909.hdf5,1
contact/107.hdf5,0
contact/930.hdf5,0
noContact/4804.hdf5,1
contact/858.hdf5,0
contact/3024.hdf5,0
noContact/5698.hdf5,1
noContact/4755.hdf5,1
contact/2411.hdf5,0
noContact/6116.hdf5,1
contact/2673.hdf5,0
contact/2788.hdf5,0
noContact/4733.hdf5,1
contact/1135.hdf5,0
contact/21.hdf5,0
noContact/3143.hdf5,1
contact/2531.hdf5,0
noContact/5202.hdf5,1
contact/2830.hdf5,0
contact/2405.hdf5,0
noContact/3935.hdf5,1
contact/1572.hdf5,0
noContact/4990.hdf5,1
noContact/5239.hdf5,1
contact/1992.hdf5,0
noContact/3122.hdf5,1
contact/2088.hdf5,0
contact/32.hdf5,0
noContact/6007.hdf5,1
contact/2118.hdf5,0
noContact/5022.hdf5,1
contact/2665.hdf5,0
noContact/6154.hdf5,1
contact/726.hdf5,0
contact/651.hdf5,0
noContact/4583.hdf5,1
noContact/4541.hdf5,1
contact/2399.hdf5,0
noContact/4066.hdf5,1
noContact/3460.hdf5,1
contact/1744.hdf5,0
contact/931.hdf5,0
contact/121.hdf5,0
contact/4.hdf5,0
contact/799.hdf5,0
contact/1643.hdf5,0
noContact/4134.hdf5,1
noContact/3608.hdf5,1
noContact/3121.hdf5,1
contact/790.hdf5,0
noContact/3751.hdf5,1
noContact/4824.hdf5,1
noContact/4028.hdf5,1
noContact/4018.hdf5,1
contact/553.hdf5,0
contact/167.hdf5,0
noContact/4789.hdf5,1
contact/508.hdf5,0
noContact/3351.hdf5,1
contact/2069.hdf5,0
noContact/4353.hdf5,1
contact/1381.hdf5,0
contact/222.hdf5,0
contact/2392.hdf5,0
contact/2857.hdf5,0
noContact/4516.hdf5,1
contact/2912.hdf5,0
noContact/6092.hdf5,1
noContact/5639.hdf5,1
noContact/4460.hdf5,1
noContact/5701.hdf5,1
noContact/5731.hdf5,1
contact/2986.hdf5,0
contact/1046.hdf5,0
contact/2131.hdf5,0
contact/2968.hdf5,0
contact/1625.hdf5,0
contact/1974.hdf5,0
noContact/6146.hdf5,1
noContact/5943.hdf5,1
contact/28.hdf5,0
noContact/3212.hdf5,1
noContact/5016.hdf5,1
noContact/4051.hdf5,1
contact/1598.hdf5,0
noContact/5132.hdf5,1
contact/1588.hdf5,0
contact/61.hdf5,0
noContact/6086.hdf5,1
noContact/4710.hdf5,1
contact/2779.hdf5,0
noContact/4060.hdf5,1
noContact/5285.hdf5,1
noContact/3641.hdf5,1
contact/2512.hdf5,0
contact/2879.hdf5,0
contact/843.hdf5,0
contact/46.hdf5,0
contact/2871.hdf5,0
noContact/4683.hdf5,1
noContact/4559.hdf5,1
contact/3006.hdf5,0
contact/1227.hdf5,0
contact/1201.hdf5,0
contact/3003.hdf5,0
noContact/5448.hdf5,1
noContact/5570.hdf5,1
contact/213.hdf5,0
noContact/5313.hdf5,1
contact/2783.hdf5,0
contact/2466.hdf5,0
contact/1915.hdf5,0
contact/1316.hdf5,0
noContact/5394.hdf5,1
contact/1687.hdf5,0
noContact/3211.hdf5,1
noContact/5786.hdf5,1
noContact/3341.hdf5,1
noContact/5494.hdf5,1
contact/432.hdf5,0
contact/3046.hdf5,0
contact/2714.hdf5,0
noContact/3522.hdf5,1
noContact/4785.hdf5,1
contact/1961.hdf5,0
contact/2643.hdf5,0
noContact/5567.hdf5,1
contact/904.hdf5,0
noContact/4729.hdf5,1
contact/476.hdf5,0
noContact/4204.hdf5,1
contact/2535.hdf5,0
noContact/5350.hdf5,1
noContact/4596.hdf5,1
contact/1553.hdf5,0
contact/1894.hdf5,0
contact/1715.hdf5,0
noContact/3615.hdf5,1
noContact/3170.hdf5,1
noContact/3701.hdf5,1
contact/2773.hdf5,0
contact/2190.hdf5,0
contact/959.hdf5,0
noContact/4616.hdf5,1
noContact/6017.hdf5,1
contact/2744.hdf5,0
contact/573.hdf5,0
noContact/5966.hdf5,1
contact/439.hdf5,0
contact/2090.hdf5,0
noContact/4084.hdf5,1
noContact/5021.hdf5,1
noContact/4688.hdf5,1
contact/106.hdf5,0
contact/1633.hdf5,0
contact/761.hdf5,0
contact/1105.hdf5,0
contact/0.hdf5,0
contact/3070.hdf5,0
contact/1523.hdf5,0
noContact/5271.hdf5,1
noContact/6132.hdf5,1
noContact/3428.hdf5,1
contact/2790.hdf5,0
contact/2619.hdf5,0
contact/1029.hdf5,0
contact/418.hdf5,0
contact/259.hdf5,0
contact/1799.hdf5,0
noContact/5514.hdf5,1
contact/1595.hdf5,0
noContact/3328.hdf5,1
contact/595.hdf5,0
contact/1081.hdf5,0
contact/1917.hdf5,0
noContact/3513.hdf5,1
noContact/4919.hdf5,1
noContact/3090.hdf5,1
noContact/6044.hdf5,1
contact/2749.hdf5,0
contact/2519.hdf5,0
contact/2938.hdf5,0
noContact/5405.hdf5,1
contact/1810.hdf5,0
noContact/3856.hdf5,1
contact/1078.hdf5,0
contact/1875.hdf5,0
noContact/5218.hdf5,1
contact/2920.hdf5,0
contact/1212.hdf5,0
contact/1502.hdf5,0
contact/1164.hdf5,0
contact/1372.hdf5,0
noContact/4965.hdf5,1
noContact/4812.hdf5,1
noContact/5711.hdf5,1
noContact/3700.hdf5,1
noContact/3270.hdf5,1
noContact/5648.hdf5,1
contact/674.hdf5,0
noContact/5469.hdf5,1
noContact/4155.hdf5,1
contact/879.hdf5,0
noContact/3728.hdf5,1
noContact/4648.hdf5,1
noContact/5802.hdf5,1
contact/2270.hdf5,0
contact/2218.hdf5,0
noContact/5050.hdf5,1
contact/1644.hdf5,0
contact/1529.hdf5,0
contact/2354.hdf5,0
contact/1599.hdf5,0
noContact/4543.hdf5,1
contact/2805.hdf5,0
noContact/4124.hdf5,1
noContact/4621.hdf5,1
contact/912.hdf5,0
contact/2019.hdf5,0
noContact/4411.hdf5,1
contact/815.hdf5,0
contact/2262.hdf5,0
contact/759.hdf5,0
noContact/5759.hdf5,1
contact/1654.hdf5,0
contact/2292.hdf5,0
noContact/3295.hdf5,1
contact/2888.hdf5,0
contact/2165.hdf5,0
contact/1369.hdf5,0
noContact/5039.hdf5,1
contact/1026.hdf5,0
contact/1966.hdf5,0
contact/1352.hdf5,0
noContact/5387.hdf5,1
noContact/4659.hdf5,1
contact/1317.hdf5,0
noContact/4552.hdf5,1
contact/2627.hdf5,0
contact/1815.hdf5,0
contact/429.hdf5,0
noContact/5972.hdf5,1
contact/913.hdf5,0
contact/1292.hdf5,0
noContact/3499.hdf5,1
contact/310.hdf5,0
contact/232.hdf5,0
noContact/6071.hdf5,1
noContact/3712.hdf5,1
contact/1951.hdf5,0
noContact/5979.hdf5,1
noContact/5072.hdf5,1
contact/2137.hdf5,0
noContact/5624.hdf5,1
contact/2932.hdf5,0
noContact/5290.hdf5,1
contact/1251.hdf5,0
noContact/5095.hdf5,1
noContact/5293.hdf5,1
contact/2363.hdf5,0
contact/2588.hdf5,0
contact/775.hdf5,0
contact/1044.hdf5,0
contact/1759.hdf5,0
noContact/5883.hdf5,1
contact/1551.hdf5,0
noContact/5263.hdf5,1
noContact/5777.hdf5,1
contact/1989.hdf5,0
noContact/6050.hdf5,1
contact/2569.hdf5,0
noContact/3621.hdf5,1
contact/826.hdf5,0
noContact/5495.hdf5,1
noContact/3941.hdf5,1
noContact/5343.hdf5,1
contact/1417.hdf5,0
noContact/3571.hdf5,1
contact/436.hdf5,0
contact/1699.hdf5,0
noContact/5855.hdf5,1
contact/2618.hdf5,0
contact/611.hdf5,0
contact/1471.hdf5,0
contact/303.hdf5,0
contact/1396.hdf5,0
noContact/4556.hdf5,1
contact/795.hdf5,0
noContact/3563.hdf5,1
noContact/4038.hdf5,1
contact/2924.hdf5,0
noContact/4402.hdf5,1
contact/1539.hdf5,0
noContact/4657.hdf5,1
noContact/5362.hdf5,1
noContact/4770.hdf5,1
contact/36.hdf5,0
contact/2403.hdf5,0
contact/2017.hdf5,0
noContact/5297.hdf5,1
contact/2668.hdf5,0
noContact/4570.hdf5,1
noContact/3554.hdf5,1
noContact/5051.hdf5,1
noContact/4350.hdf5,1
noContact/4175.hdf5,1
noContact/5864.hdf5,1
contact/860.hdf5,0
contact/2318.hdf5,0
noContact/3821.hdf5,1
contact/455.hdf5,0
noContact/5828.hdf5,1
contact/1773.hdf5,0
contact/463.hdf5,0
contact/1835.hdf5,0
noContact/4982.hdf5,1
noContact/5068.hdf5,1
noContact/4823.hdf5,1
contact/2375.hdf5,0
contact/1634.hdf5,0
contact/2232.hdf5,0
noContact/4193.hdf5,1
contact/1409.hdf5,0
contact/2927.hdf5,0
noContact/3891.hdf5,1
contact/2885.hdf5,0
contact/293.hdf5,0
noContact/5032.hdf5,1
noContact/4431.hdf5,1
noContact/3166.hdf5,1
contact/2782.hdf5,0
contact/950.hdf5,0
contact/247.hdf5,0
noContact/3242.hdf5,1
contact/1206.hdf5,0
contact/1255.hdf5,0
contact/499.hdf5,0
noContact/3919.hdf5,1
noContact/3497.hdf5,1
noContact/4816.hdf5,1
noContact/3520.hdf5,1
contact/1458.hdf5,0
noContact/5982.hdf5,1
contact/1926.hdf5,0
contact/1311.hdf5,0
noContact/4422.hdf5,1
contact/2151.hdf5,0
noContact/3464.hdf5,1
noContact/5107.hdf5,1
noContact/3213.hdf5,1
noContact/5556.hdf5,1
noContact/5586.hdf5,1
noContact/6100.hdf5,1
contact/2953.hdf5,0
noContact/3268.hdf5,1
contact/2040.hdf5,0
noContact/5323.hdf5,1
noContact/5863.hdf5,1
contact/2423.hdf5,0
noContact/4493.hdf5,1
noContact/5391.hdf5,1
contact/1726.hdf5,0
noContact/3423.hdf5,1
contact/528.hdf5,0
noContact/5688.hdf5,1
contact/1558.hdf5,0
noContact/3116.hdf5,1
contact/1300.hdf5,0
contact/1600.hdf5,0
contact/1608.hdf5,0
noContact/5623.hdf5,1
contact/207.hdf5,0
contact/2995.hdf5,0
contact/767.hdf5,0
noContact/4314.hdf5,1
contact/2904.hdf5,0
noContact/3201.hdf5,1
contact/1253.hdf5,0
contact/1838.hdf5,0
contact/435.hdf5,0
contact/2983.hdf5,0
noContact/4948.hdf5,1
noContact/5380.hdf5,1
noContact/4518.hdf5,1
contact/2676.hdf5,0
noContact/4511.hdf5,1
contact/1876.hdf5,0
contact/2350.hdf5,0
noContact/5663.hdf5,1
contact/2503.hdf5,0
noContact/4278.hdf5,1
noContact/3857.hdf5,1
noContact/4932.hdf5,1
contact/1196.hdf5,0
contact/1750.hdf5,0
contact/2789.hdf5,0
noContact/5829.hdf5,1
noContact/3108.hdf5,1
contact/576.hdf5,0
contact/83.hdf5,0
contact/68.hdf5,0
contact/279.hdf5,0
contact/291.hdf5,0
contact/2860.hdf5,0
noContact/5376.hdf5,1
contact/1576.hdf5,0
noContact/4015.hdf5,1
contact/1218.hdf5,0
contact/2049.hdf5,0
noContact/4102.hdf5,1
contact/2922.hdf5,0
contact/1362.hdf5,0
noContact/5142.hdf5,1
noContact/4639.hdf5,1
noContact/6148.hdf5,1
contact/1619.hdf5,0
noContact/5057.hdf5,1
contact/404.hdf5,0
noContact/4937.hdf5,1
noContact/3585.hdf5,1
contact/1738.hdf5,0
noContact/4136.hdf5,1
contact/1429.hdf5,0
noContact/4592.hdf5,1
noContact/4371.hdf5,1
noContact/5980.hdf5,1
noContact/5658.hdf5,1
noContact/4236.hdf5,1
noContact/3365.hdf5,1
noContact/3736.hdf5,1
contact/2490.hdf5,0
contact/81.hdf5,0
noContact/3814.hdf5,1
contact/1360.hdf5,0
contact/619.hdf5,0
contact/2794.hdf5,0
noContact/5742.hdf5,1
noContact/6153.hdf5,1
contact/1856.hdf5,0
contact/149.hdf5,0
noContact/5695.hdf5,1
noContact/5340.hdf5,1
noContact/4288.hdf5,1
contact/2366.hdf5,0
noContact/5356.hdf5,1
noContact/4764.hdf5,1
contact/700.hdf5,0
noContact/5871.hdf5,1
noContact/5478.hdf5,1
noContact/3633.hdf5,1
noContact/3782.hdf5,1
noContact/3845.hdf5,1
contact/1980.hdf5,0
noContact/4326.hdf5,1
noContact/5640.hdf5,1
noContact/5007.hdf5,1
contact/118.hdf5,0
noContact/5782.hdf5,1
contact/431.hdf5,0
noContact/5976.hdf5,1
contact/929.hdf5,0
noContact/5314.hdf5,1
noContact/5826.hdf5,1
contact/2827.hdf5,0
noContact/5502.hdf5,1
contact/470.hdf5,0
contact/2586.hdf5,0
noContact/5778.hdf5,1
contact/631.hdf5,0
noContact/3756.hdf5,1
contact/798.hdf5,0
noContact/3228.hdf5,1
contact/128.hdf5,0
contact/152.hdf5,0
noContact/4017.hdf5,1
contact/217.hdf5,0
contact/1168.hdf5,0
noContact/3638.hdf5,1
contact/265.hdf5,0
contact/2079.hdf5,0
noContact/5383.hdf5,1
noContact/5467.hdf5,1
noContact/3848.hdf5,1
noContact/3709.hdf5,1
noContact/5875.hdf5,1
noContact/3402.hdf5,1
contact/2731.hdf5,0
noContact/5991.hdf5,1
noContact/5948.hdf5,1
noContact/3452.hdf5,1
noContact/4606.hdf5,1
contact/1880.hdf5,0
contact/1749.hdf5,0
noContact/5251.hdf5,1
contact/2582.hdf5,0
contact/1777.hdf5,0
noContact/3269.hdf5,1
contact/2214.hdf5,0
contact/703.hdf5,0
noContact/4835.hdf5,1
contact/185.hdf5,0
contact/345.hdf5,0
contact/2804.hdf5,0
contact/796.hdf5,0
noContact/5000.hdf5,1
contact/365.hdf5,0
contact/1398.hdf5,0
noContact/3369.hdf5,1
noContact/3934.hdf5,1
contact/2200.hdf5,0
noContact/5537.hdf5,1
contact/1848.hdf5,0
contact/2864.hdf5,0
contact/911.hdf5,0
contact/275.hdf5,0
noContact/5819.hdf5,1
noContact/5646.hdf5,1
contact/596.hdf5,0
noContact/5815.hdf5,1
noContact/5620.hdf5,1
contact/402.hdf5,0
contact/1065.hdf5,0
noContact/4686.hdf5,1
noContact/3375.hdf5,1
noContact/3457.hdf5,1
noContact/4409.hdf5,1
noContact/4975.hdf5,1
contact/2256.hdf5,0
contact/1475.hdf5,0
noContact/4897.hdf5,1
contact/2820.hdf5,0
contact/327.hdf5,0
contact/2429.hdf5,0
contact/1230.hdf5,0
contact/2384.hdf5,0
noContact/4828.hdf5,1
noContact/6038.hdf5,1
noContact/6147.hdf5,1
contact/2467.hdf5,0
contact/2625.hdf5,0
contact/67.hdf5,0
contact/2035.hdf5,0
contact/985.hdf5,0
noContact/4334.hdf5,1
contact/2875.hdf5,0
contact/2357.hdf5,0
noContact/4072.hdf5,1
noContact/5358.hdf5,1
contact/238.hdf5,0
contact/2365.hdf5,0
noContact/4848.hdf5,1
noContact/4280.hdf5,1
noContact/4061.hdf5,1
contact/1847.hdf5,0
contact/2046.hdf5,0
noContact/3601.hdf5,1
noContact/4748.hdf5,1
noContact/4354.hdf5,1
contact/9.hdf5,0
noContact/4548.hdf5,1
contact/2021.hdf5,0
noContact/4628.hdf5,1
noContact/4677.hdf5,1
noContact/3625.hdf5,1
noContact/3100.hdf5,1
noContact/5549.hdf5,1
contact/2013.hdf5,0
contact/2850.hdf5,0
contact/372.hdf5,0
contact/1560.hdf5,0
contact/1944.hdf5,0
contact/1836.hdf5,0
contact/2543.hdf5,0
contact/2096.hdf5,0
contact/423.hdf5,0
noContact/5746.hdf5,1
noContact/4231.hdf5,1
contact/12.hdf5,0
contact/2492.hdf5,0
noContact/6033.hdf5,1
noContact/5413.hdf5,1
contact/2615.hdf5,0
contact/73.hdf5,0
contact/1448.hdf5,0
contact/2477.hdf5,0
contact/2811.hdf5,0
contact/76.hdf5,0
noContact/4605.hdf5,1
noContact/5610.hdf5,1
contact/85.hdf5,0
noContact/5963.hdf5,1
noContact/4826.hdf5,1
contact/864.hdf5,0
contact/312.hdf5,0
contact/638.hdf5,0
noContact/5279.hdf5,1
contact/2589.hdf5,0
noContact/5862.hdf5,1
noContact/5041.hdf5,1
contact/95.hdf5,0
noContact/5001.hdf5,1
contact/1873.hdf5,0
contact/720.hdf5,0
contact/2328.hdf5,0
noContact/3401.hdf5,1
noContact/3757.hdf5,1
noContact/4085.hdf5,1
noContact/5520.hdf5,1
contact/1193.hdf5,0
noContact/3730.hdf5,1
noContact/4939.hdf5,1
noContact/3533.hdf5,1
contact/2628.hdf5,0
contact/2380.hdf5,0
noContact/5609.hdf5,1
contact/737.hdf5,0
noContact/3978.hdf5,1
contact/2142.hdf5,0
contact/1304.hdf5,0
contact/1564.hdf5,0
contact/464.hdf5,0
noContact/5949.hdf5,1
noContact/3769.hdf5,1
contact/2648.hdf5,0
noContact/4952.hdf5,1
noContact/5893.hdf5,1
contact/1407.hdf5,0
contact/1709.hdf5,0
noContact/4668.hdf5,1
noContact/5456.hdf5,1
noContact/3881.hdf5,1
noContact/4577.hdf5,1
contact/2539.hdf5,0
contact/695.hdf5,0
noContact/5676.hdf5,1
contact/2359.hdf5,0
noContact/5512.hdf5,1
contact/2027.hdf5,0
noContact/4253.hdf5,1
noContact/3442.hdf5,1
noContact/6129.hdf5,1
contact/2755.hdf5,0
contact/748.hdf5,0
contact/500.hdf5,0
contact/2651.hdf5,0
contact/1923.hdf5,0
noContact/3805.hdf5,1
contact/560.hdf5,0
noContact/3595.hdf5,1
contact/1143.hdf5,0
noContact/3324.hdf5,1
contact/1791.hdf5,0
contact/2245.hdf5,0
noContact/4762.hdf5,1
contact/2247.hdf5,0
contact/935.hdf5,0
contact/194.hdf5,0
noContact/4666.hdf5,1
noContact/5550.hdf5,1
contact/1942.hdf5,0
contact/2818.hdf5,0
noContact/3639.hdf5,1
noContact/6088.hdf5,1
contact/197.hdf5,0
contact/2057.hdf5,0
noContact/4473.hdf5,1
contact/809.hdf5,0
noContact/4727.hdf5,1
contact/2104.hdf5,0
noContact/5058.hdf5,1
noContact/4125.hdf5,1
contact/426.hdf5,0
noContact/4149.hdf5,1
contact/1298.hdf5,0
contact/718.hdf5,0
noContact/4110.hdf5,1
contact/2097.hdf5,0
noContact/4183.hdf5,1
noContact/3983.hdf5,1
contact/1594.hdf5,0
noContact/3275.hdf5,1
contact/104.hdf5,0
noContact/4012.hdf5,1
contact/2521.hdf5,0
contact/2540.hdf5,0
noContact/3699.hdf5,1
contact/484.hdf5,0
contact/1297.hdf5,0
contact/143.hdf5,0
contact/313.hdf5,0
contact/1038.hdf5,0
contact/736.hdf5,0
contact/1764.hdf5,0
contact/551.hdf5,0
noContact/3185.hdf5,1
noContact/4487.hdf5,1
contact/2752.hdf5,0
noContact/5765.hdf5,1
contact/1996.hdf5,0
contact/3067.hdf5,0
noContact/4973.hdf5,1
noContact/3797.hdf5,1
contact/180.hdf5,0
contact/88.hdf5,0
contact/1825.hdf5,0
contact/2422.hdf5,0
noContact/4725.hdf5,1
noContact/5702.hdf5,1
contact/1082.hdf5,0
contact/1684.hdf5,0
contact/1647.hdf5,0
contact/2529.hdf5,0
contact/831.hdf5,0
noContact/4832.hdf5,1
noContact/3102.hdf5,1
contact/3050.hdf5,0
contact/755.hdf5,0
noContact/3973.hdf5,1
noContact/6029.hdf5,1
contact/1704.hdf5,0
contact/670.hdf5,0
noContact/5808.hdf5,1
contact/2238.hdf5,0
contact/2042.hdf5,0
noContact/4137.hdf5,1
contact/1975.hdf5,0
noContact/4105.hdf5,1
contact/375.hdf5,0
noContact/5077.hdf5,1
contact/356.hdf5,0
contact/1382.hdf5,0
noContact/3146.hdf5,1
contact/2771.hdf5,0
noContact/3322.hdf5,1
contact/1631.hdf5,0
contact/626.hdf5,0
contact/22.hdf5,0
contact/829.hdf5,0
contact/2702.hdf5,0
contact/2552.hdf5,0
contact/1708.hdf5,0
contact/1005.hdf5,0
contact/1165.hdf5,0
noContact/5580.hdf5,1
contact/2557.hdf5,0
contact/2039.hdf5,0
noContact/3408.hdf5,1
contact/335.hdf5,0
noContact/3319.hdf5,1
contact/2814.hdf5,0
noContact/3958.hdf5,1
noContact/4405.hdf5,1
noContact/4239.hdf5,1
noContact/5042.hdf5,1
noContact/3841.hdf5,1
contact/1981.hdf5,0
noContact/5401.hdf5,1
noContact/4482.hdf5,1
noContact/5269.hdf5,1
contact/1878.hdf5,0
contact/2963.hdf5,0
noContact/4873.hdf5,1
noContact/3388.hdf5,1
contact/1624.hdf5,0
noContact/4187.hdf5,1
contact/416.hdf5,0
contact/2288.hdf5,0
noContact/5053.hdf5,1
noContact/6140.hdf5,1
noContact/4419.hdf5,1
noContact/4044.hdf5,1
contact/1559.hdf5,0
noContact/3334.hdf5,1
contact/1488.hdf5,0
noContact/5354.hdf5,1
noContact/4597.hdf5,1
noContact/4045.hdf5,1
noContact/5637.hdf5,1
contact/462.hdf5,0
contact/1578.hdf5,0
contact/2656.hdf5,0
noContact/4184.hdf5,1
noContact/5235.hdf5,1
noContact/5677.hdf5,1
noContact/4022.hdf5,1
contact/1329.hdf5,0
contact/56.hdf5,0
noContact/6076.hdf5,1
noContact/4188.hdf5,1
noContact/6015.hdf5,1
noContact/4227.hdf5,1
contact/1177.hdf5,0
noContact/3837.hdf5,1
contact/2117.hdf5,0
noContact/3741.hdf5,1
noContact/5296.hdf5,1
noContact/5817.hdf5,1
contact/1862.hdf5,0
noContact/3674.hdf5,1
noContact/5411.hdf5,1
noContact/4783.hdf5,1
noContact/3318.hdf5,1
noContact/4317.hdf5,1
noContact/4917.hdf5,1
contact/1897.hdf5,0
noContact/4841.hdf5,1
noContact/3492.hdf5,1
noContact/3668.hdf5,1
contact/1916.hdf5,0
noContact/5281.hdf5,1
noContact/4320.hdf5,1
noContact/3167.hdf5,1
contact/1869.hdf5,0
noContact/4114.hdf5,1
contact/108.hdf5,0
noContact/6087.hdf5,1
contact/270.hdf5,0
noContact/3206.hdf5,1
noContact/5083.hdf5,1
contact/2290.hdf5,0
noContact/5379.hdf5,1
contact/2081.hdf5,0
noContact/4962.hdf5,1
contact/2430.hdf5,0
noContact/5538.hdf5,1
noContact/4537.hdf5,1
contact/1766.hdf5,0
contact/2992.hdf5,0
noContact/5144.hdf5,1
noContact/5565.hdf5,1
noContact/6023.hdf5,1
noContact/5606.hdf5,1
contact/1834.hdf5,0
noContact/5617.hdf5,1
noContact/4179.hdf5,1
contact/2074.hdf5,0
contact/2826.hdf5,0
noContact/3549.hdf5,1
contact/1659.hdf5,0
contact/2220.hdf5,0
contact/1208.hdf5,0
contact/504.hdf5,0
contact/1541.hdf5,0
noContact/6107.hdf5,1
noContact/5892.hdf5,1
contact/1189.hdf5,0
noContact/5942.hdf5,1
contact/72.hdf5,0
noContact/5384.hdf5,1
noContact/3098.hdf5,1
contact/1032.hdf5,0
contact/1946.hdf5,0
noContact/3960.hdf5,1
noContact/3400.hdf5,1
contact/1012.hdf5,0
noContact/4432.hdf5,1
contact/1518.hdf5,0
noContact/4265.hdf5,1
noContact/6084.hdf5,1
noContact/5114.hdf5,1
contact/980.hdf5,0
noContact/5613.hdf5,1
noContact/4323.hdf5,1
noContact/5734.hdf5,1
contact/389.hdf5,0
contact/352.hdf5,0
contact/2961.hdf5,0
noContact/3247.hdf5,1
noContact/5558.hdf5,1
contact/653.hdf5,0
contact/94.hdf5,0
noContact/3673.hdf5,1
contact/263.hdf5,0
noContact/3763.hdf5,1
noContact/3546.hdf5,1
contact/2874.hdf5,0
contact/2166.hdf5,0
noContact/4550.hdf5,1
noContact/5722.hdf5,1
noContact/3392.hdf5,1
noContact/3812.hdf5,1
contact/3026.hdf5,0
noContact/3163.hdf5,1
noContact/3417.hdf5,1
contact/373.hdf5,0
contact/1403.hdf5,0
noContact/4855.hdf5,1
contact/30.hdf5,0
noContact/4039.hdf5,1
contact/1055.hdf5,0
contact/3031.hdf5,0
contact/1581.hdf5,0
noContact/3137.hdf5,1
noContact/4333.hdf5,1
noContact/4403.hdf5,1
noContact/4981.hdf5,1
noContact/3389.hdf5,1
contact/1021.hdf5,0
noContact/3880.hdf5,1
noContact/5436.hdf5,1
noContact/6110.hdf5,1
noContact/5371.hdf5,1
noContact/4615.hdf5,1
contact/2645.hdf5,0
noContact/5264.hdf5,1
noContact/4627.hdf5,1
noContact/6126.hdf5,1
contact/2414.hdf5,0
noContact/4062.hdf5,1
noContact/3740.hdf5,1
noContact/5073.hdf5,1
noContact/5989.hdf5,1
contact/1710.hdf5,0
noContact/4489.hdf5,1
contact/1173.hdf5,0
noContact/5442.hdf5,1
contact/2945.hdf5,0
noContact/3450.hdf5,1
contact/1727.hdf5,0
noContact/4094.hdf5,1
contact/684.hdf5,0
contact/564.hdf5,0
noContact/4692.hdf5,1
noContact/5501.hdf5,1
noContact/5123.hdf5,1
contact/581.hdf5,0
noContact/5437.hdf5,1
contact/732.hdf5,0
noContact/3762.hdf5,1
contact/2153.hdf5,0
noContact/5141.hdf5,1
contact/2725.hdf5,0
noContact/3868.hdf5,1
noContact/4297.hdf5,1
contact/2989.hdf5,0
contact/1737.hdf5,0
noContact/5924.hdf5,1
noContact/3587.hdf5,1
noContact/3144.hdf5,1
contact/1971.hdf5,0
noContact/5349.hdf5,1
contact/1057.hdf5,0
contact/1868.hdf5,0
contact/113.hdf5,0
noContact/3813.hdf5,1
contact/2533.hdf5,0
noContact/5874.hdf5,1
noContact/5757.hdf5,1
contact/723.hdf5,0
contact/2332.hdf5,0
contact/2041.hdf5,0
contact/3062.hdf5,0
noContact/5680.hdf5,1
noContact/3818.hdf5,1
noContact/5091.hdf5,1
noContact/4590.hdf5,1
contact/2566.hdf5,0
noContact/3777.hdf5,1
contact/1741.hdf5,0
contact/1948.hdf5,0
contact/816.hdf5,0
contact/1400.hdf5,0
noContact/5684.hdf5,1
contact/2562.hdf5,0
contact/496.hdf5,0
contact/2581.hdf5,0
contact/2872.hdf5,0
noContact/5453.hdf5,1
noContact/3865.hdf5,1
noContact/4954.hdf5,1
contact/1807.hdf5,0
noContact/5317.hdf5,1
noContact/3208.hdf5,1
contact/2759.hdf5,0
noContact/5430.hdf5,1
contact/2294.hdf5,0
noContact/3340.hdf5,1
contact/2296.hdf5,0
noContact/5043.hdf5,1
contact/1754.hdf5,0
contact/865.hdf5,0
noContact/3257.hdf5,1
noContact/4603.hdf5,1
noContact/5762.hdf5,1
contact/763.hdf5,0
noContact/4960.hdf5,1
contact/1430.hdf5,0
noContact/4470.hdf5,1
contact/1910.hdf5,0
contact/2854.hdf5,0
noContact/3807.hdf5,1
noContact/4700.hdf5,1
noContact/4067.hdf5,1
noContact/3263.hdf5,1
contact/1533.hdf5,0
contact/479.hdf5,0
contact/890.hdf5,0
contact/2765.hdf5,0
contact/1934.hdf5,0
contact/1024.hdf5,0
contact/497.hdf5,0
noContact/5964.hdf5,1
noContact/6011.hdf5,1
contact/2155.hdf5,0
contact/2476.hdf5,0
contact/3005.hdf5,0
noContact/4158.hdf5,1
contact/376.hdf5,0
noContact/3660.hdf5,1
noContact/3940.hdf5,1
noContact/5284.hdf5,1
noContact/5428.hdf5,1
noContact/4377.hdf5,1
noContact/4471.hdf5,1
contact/2278.hdf5,0
noContact/3557.hdf5,1
contact/489.hdf5,0
contact/1111.hdf5,0
contact/1331.hdf5,0
noContact/5195.hdf5,1
noContact/5852.hdf5,1
contact/1203.hdf5,0
contact/2803.hdf5,0
contact/2580.hdf5,0
noContact/3191.hdf5,1
noContact/4216.hdf5,1
contact/2462.hdf5,0
contact/1694.hdf5,0
contact/1294.hdf5,0
noContact/5703.hdf5,1
noContact/5203.hdf5,1
noContact/3455.hdf5,1
noContact/3320.hdf5,1
noContact/3487.hdf5,1
contact/1491.hdf5,0
contact/2868.hdf5,0
contact/2315.hdf5,0
contact/39.hdf5,0
contact/2108.hdf5,0
contact/940.hdf5,0
noContact/5145.hdf5,1
noContact/5522.hdf5,1
noContact/4502.hdf5,1
contact/2109.hdf5,0
noContact/6137.hdf5,1
contact/2433.hdf5,0
noContact/4434.hdf5,1
contact/1591.hdf5,0
contact/1463.hdf5,0
noContact/6067.hdf5,1
contact/1898.hdf5,0
noContact/5958.hdf5,1
noContact/5530.hdf5,1
noContact/5210.hdf5,1
contact/407.hdf5,0
contact/2001.hdf5,0
contact/229.hdf5,0
noContact/4488.hdf5,1
contact/2705.hdf5,0
noContact/5221.hdf5,1
noContact/4741.hdf5,1
noContact/3511.hdf5,1
contact/23.hdf5,0
contact/733.hdf5,0
contact/281.hdf5,0
noContact/3996.hdf5,1
contact/1969.hdf5,0
noContact/4000.hdf5,1
noContact/4740.hdf5,1
contact/1013.hdf5,0
contact/1263.hdf5,0
contact/1278.hdf5,0
noContact/4086.hdf5,1
noContact/5295.hdf5,1
noContact/4957.hdf5,1
noContact/3704.hdf5,1
contact/215.hdf5,0
noContact/3404.hdf5,1
noContact/6057.hdf5,1
contact/1949.hdf5,0
contact/440.hdf5,0
noContact/5900.hdf5,1
contact/1623.hdf5,0
noContact/4339.hdf5,1
contact/171.hdf5,0
noContact/3566.hdf5,1
contact/2908.hdf5,0
contact/535.hdf5,0
contact/1781.hdf5,0
contact/666.hdf5,0
contact/2439.hdf5,0
noContact/3142.hdf5,1
noContact/4784.hdf5,1
contact/178.hdf5,0
contact/1401.hdf5,0
contact/574.hdf5,0
noContact/3834.hdf5,1
noContact/4629.hdf5,1
noContact/4557.hdf5,1
noContact/4322.hdf5,1
noContact/4248.hdf5,1
contact/1107.hdf5,0
noContact/5079.hdf5,1
noContact/3337.hdf5,1
contact/554.hdf5,0
contact/2626.hdf5,0
contact/1492.hdf5,0
noContact/5761.hdf5,1
noContact/4598.hdf5,1
noContact/3437.hdf5,1
noContact/4553.hdf5,1
noContact/5234.hdf5,1
contact/261.hdf5,0
noContact/5149.hdf5,1
noContact/5999.hdf5,1
contact/1615.hdf5,0
noContact/5013.hdf5,1
noContact/3900.hdf5,1
contact/644.hdf5,0
noContact/5853.hdf5,1
contact/159.hdf5,0
noContact/4650.hdf5,1
contact/1074.hdf5,0
contact/2763.hdf5,0
noContact/5523.hdf5,1
contact/661.hdf5,0
noContact/3431.hdf5,1
noContact/5913.hdf5,1
noContact/4575.hdf5,1
contact/762.hdf5,0
contact/471.hdf5,0
contact/840.hdf5,0
contact/2203.hdf5,0
contact/2341.hdf5,0
contact/1515.hdf5,0
contact/1258.hdf5,0
noContact/3956.hdf5,1
contact/1069.hdf5,0
contact/1058.hdf5,0
contact/1763.hdf5,0
contact/2838.hdf5,0
noContact/4916.hdf5,1
contact/478.hdf5,0
noContact/4830.hdf5,1
contact/242.hdf5,0
contact/2419.hdf5,0
contact/1183.hdf5,0
contact/3057.hdf5,0
contact/917.hdf5,0
noContact/3749.hdf5,1
noContact/3727.hdf5,1
contact/1142.hdf5,0
contact/658.hdf5,0
noContact/4614.hdf5,1
noContact/6036.hdf5,1
contact/777.hdf5,0
contact/1312.hdf5,0
contact/1326.hdf5,0
noContact/4075.hdf5,1
contact/114.hdf5,0
noContact/4233.hdf5,1
contact/2724.hdf5,0
noContact/5346.hdf5,1
contact/2748.hdf5,0
contact/960.hdf5,0
contact/37.hdf5,0
contact/256.hdf5,0
contact/1484.hdf5,0
noContact/4346.hdf5,1
noContact/4993.hdf5,1
contact/3018.hdf5,0
contact/2943.hdf5,0
noContact/4418.hdf5,1
noContact/3476.hdf5,1
noContact/4478.hdf5,1
contact/1924.hdf5,0
contact/2437.hdf5,0
contact/228.hdf5,0
noContact/5347.hdf5,1
noContact/3253.hdf5,1
contact/35.hdf5,0
contact/15.hdf5,0
noContact/5331.hdf5,1
contact/2736.hdf5,0
noContact/5200.hdf5,1
noContact/4510.hdf5,1
noContact/3828.hdf5,1
noContact/4693.hdf5,1
contact/2360.hdf5,0
contact/2688.hdf5,0
contact/1349.hdf5,0
noContact/3598.hdf5,1
contact/2257.hdf5,0
noContact/4006.hdf5,1
contact/347.hdf5,0
noContact/4647.hdf5,1
noContact/5925.hdf5,1
noContact/5653.hdf5,1
contact/1736.hdf5,0
contact/53.hdf5,0
noContact/4506.hdf5,1
noContact/3126.hdf5,1
contact/1364.hdf5,0
noContact/5801.hdf5,1
contact/1076.hdf5,0
contact/1257.hdf5,0
noContact/3883.hdf5,1
noContact/5784.hdf5,1
contact/2138.hdf5,0
noContact/4309.hdf5,1
contact/2478.hdf5,0
noContact/5261.hdf5,1
contact/1837.hdf5,0
noContact/3209.hdf5,1
contact/848.hdf5,0
contact/2394.hdf5,0
contact/2184.hdf5,0
contact/854.hdf5,0
contact/2507.hdf5,0
contact/1940.hdf5,0
contact/1302.hdf5,0
noContact/4225.hdf5,1
contact/86.hdf5,0
noContact/4437.hdf5,1
noContact/4964.hdf5,1
noContact/3485.hdf5,1
contact/2532.hdf5,0
noContact/5361.hdf5,1
contact/1067.hdf5,0
noContact/3617.hdf5,1
contact/154.hdf5,0
noContact/5143.hdf5,1
noContact/4728.hdf5,1
contact/743.hdf5,0
noContact/3917.hdf5,1
contact/1826.hdf5,0
noContact/4866.hdf5,1
noContact/3453.hdf5,1
contact/2549.hdf5,0
noContact/5192.hdf5,1
noContact/3689.hdf5,1
noContact/5316.hdf5,1
contact/1607.hdf5,0
noContact/5046.hdf5,1
noContact/4246.hdf5,1
contact/782.hdf5,0
noContact/4001.hdf5,1
contact/1137.hdf5,0
contact/962.hdf5,0
contact/1919.hdf5,0
contact/669.hdf5,0
noContact/3436.hdf5,1
noContact/3642.hdf5,1
noContact/5804.hdf5,1
noContact/5090.hdf5,1
contact/2828.hdf5,0
contact/2741.hdf5,0
contact/2181.hdf5,0
noContact/5244.hdf5,1
contact/1473.hdf5,0
contact/97.hdf5,0
noContact/4717.hdf5,1
contact/2666.hdf5,0
contact/2551.hdf5,0
contact/2204.hdf5,0
contact/1439.hdf5,0
contact/331.hdf5,0
noContact/3649.hdf5,1
noContact/3510.hdf5,1
noContact/4083.hdf5,1
noContact/5292.hdf5,1
noContact/5252.hdf5,1
noContact/4223.hdf5,1
noContact/3466.hdf5,1
contact/187.hdf5,0
contact/60.hdf5,0
noContact/5461.hdf5,1
noContact/4472.hdf5,1
noContact/6081.hdf5,1
contact/2947.hdf5,0
contact/1804.hdf5,0
noContact/5160.hdf5,1
contact/2483.hdf5,0
contact/1513.hdf5,0
contact/2268.hdf5,0
contact/974.hdf5,0
contact/1735.hdf5,0
noContact/4675.hdf5,1
noContact/6103.hdf5,1
noContact/5094.hdf5,1
noContact/3695.hdf5,1
contact/1555.hdf5,0
contact/2047.hdf5,0
contact/1260.hdf5,0
contact/656.hdf5,0
contact/2798.hdf5,0
contact/2727.hdf5,0
noContact/5483.hdf5,1
noContact/3672.hdf5,1
contact/1047.hdf5,0
noContact/5533.hdf5,1
contact/323.hdf5,0
contact/2198.hdf5,0
noContact/5365.hdf5,1
contact/233.hdf5,0
contact/2941.hdf5,0
contact/966.hdf5,0
noContact/3521.hdf5,1
contact/2655.hdf5,0
contact/240.hdf5,0
contact/523.hdf5,0
noContact/4610.hdf5,1
contact/366.hdf5,0
contact/1162.hdf5,0
noContact/3853.hdf5,1
noContact/4444.hdf5,1
noContact/3134.hdf5,1
contact/1363.hdf5,0
noContact/3705.hdf5,1
noContact/4678.hdf5,1
contact/1892.hdf5,0
noContact/5516.hdf5,1
noContact/4481.hdf5,1
noContact/5832.hdf5,1
contact/1156.hdf5,0
noContact/3517.hdf5,1
contact/1636.hdf5,0
noContact/5471.hdf5,1
noContact/3933.hdf5,1
contact/832.hdf5,0
noContact/3336.hdf5,1
contact/195.hdf5,0
noContact/3551.hdf5,1
contact/2254.hdf5,0
contact/133.hdf5,0
noContact/3505.hdf5,1
noContact/6028.hdf5,1
contact/2638.hdf5,0
noContact/4898.hdf5,1
noContact/4811.hdf5,1
contact/2863.hdf5,0
contact/2485.hdf5,0
contact/47.hdf5,0
noContact/4276.hdf5,1
contact/2250.hdf5,0
noContact/5127.hdf5,1
noContact/5038.hdf5,1
noContact/4232.hdf5,1
contact/2326.hdf5,0
contact/2186.hdf5,0
contact/2527.hdf5,0
contact/2145.hdf5,0
contact/2100.hdf5,0
noContact/4633.hdf5,1
contact/1995.hdf5,0
noContact/5163.hdf5,1
contact/1106.hdf5,0
contact/2295.hdf5,0
noContact/5228.hdf5,1
contact/842.hdf5,0
noContact/3192.hdf5,1
contact/2508.hdf5,0
noContact/3509.hdf5,1
noContact/5923.hdf5,1
contact/835.hdf5,0
contact/2956.hdf5,0
noContact/4230.hdf5,1
contact/2084.hdf5,0
contact/2163.hdf5,0
noContact/5063.hdf5,1
contact/786.hdf5,0
contact/1711.hdf5,0
contact/2682.hdf5,0
noContact/4691.hdf5,1
contact/1324.hdf5,0
noContact/5321.hdf5,1
noContact/5225.hdf5,1
contact/408.hdf5,0
noContact/4908.hdf5,1
contact/1104.hdf5,0
noContact/3646.hdf5,1
contact/2766.hdf5,0
contact/627.hdf5,0
noContact/3545.hdf5,1
noContact/3547.hdf5,1
noContact/4750.hdf5,1
noContact/4348.hdf5,1
contact/205.hdf5,0
noContact/4681.hdf5,1
contact/2842.hdf5,0
contact/1211.hdf5,0
contact/2371.hdf5,0
contact/597.hdf5,0
noContact/4104.hdf5,1
contact/2149.hdf5,0
noContact/5506.hdf5,1
noContact/5659.hdf5,1
noContact/3173.hdf5,1
contact/2406.hdf5,0
contact/818.hdf5,0
contact/2284.hdf5,0
contact/1120.hdf5,0
noContact/4930.hdf5,1
noContact/3249.hdf5,1
contact/341.hdf5,0
contact/1387.hdf5,0
contact/2524.hdf5,0
contact/1451.hdf5,0
contact/2695.hdf5,0
contact/391.hdf5,0
noContact/3869.hdf5,1
noContact/6051.hdf5,1
noContact/3109.hdf5,1
noContact/5575.hdf5,1
noContact/5932.hdf5,1
contact/2641.hdf5,0
contact/1517.hdf5,0
noContact/6008.hdf5,1
contact/1087.hdf5,0
noContact/3753.hdf5,1
contact/465.hdf5,0
contact/2311.hdf5,0
noContact/6064.hdf5,1
contact/953.hdf5,0
contact/1785.hdf5,0
noContact/3766.hdf5,1
contact/1503.hdf5,0
noContact/4791.hdf5,1
contact/1509.hdf5,0
noContact/4159.hdf5,1
contact/2694.hdf5,0
contact/2865.hdf5,0
contact/1088.hdf5,0
contact/1891.hdf5,0
noContact/3221.hdf5,1
contact/1347.hdf5,0
contact/1802.hdf5,0
contact/547.hdf5,0
noContact/5164.hdf5,1
contact/2944.hdf5,0
contact/317.hdf5,0
noContact/5709.hdf5,1
noContact/4802.hdf5,1
noContact/3803.hdf5,1
noContact/5891.hdf5,1
noContact/5270.hdf5,1
contact/1285.hdf5,0
contact/1149.hdf5,0
contact/2395.hdf5,0
noContact/4625.hdf5,1
contact/2377.hdf5,0
contact/1071.hdf5,0
contact/2522.hdf5,0
contact/1538.hdf5,0
noContact/3188.hdf5,1
contact/1157.hdf5,0
contact/348.hdf5,0
contact/2251.hdf5,0
contact/2973.hdf5,0
contact/1556.hdf5,0
noContact/3676.hdf5,1
noContact/4701.hdf5,1
noContact/3214.hdf5,1
noContact/4875.hdf5,1
contact/1073.hdf5,0
contact/548.hdf5,0
contact/161.hdf5,0
noContact/5691.hdf5,1
noContact/4452.hdf5,1
noContact/5333.hdf5,1
noContact/3597.hdf5,1
contact/603.hdf5,0
noContact/5604.hdf5,1
contact/532.hdf5,0
noContact/4098.hdf5,1
noContact/5780.hdf5,1
noContact/4735.hdf5,1
contact/916.hdf5,0
noContact/3393.hdf5,1
contact/2930.hdf5,0
noContact/3635.hdf5,1
contact/1483.hdf5,0
noContact/5499.hdf5,1
noContact/4978.hdf5,1
noContact/5906.hdf5,1
noContact/4396.hdf5,1
contact/2067.hdf5,0
contact/1639.hdf5,0
contact/2335.hdf5,0
contact/2835.hdf5,0
noContact/3855.hdf5,1
noContact/5867.hdf5,1
contact/1723.hdf5,0
noContact/3483.hdf5,1
contact/2859.hdf5,0
contact/923.hdf5,0
noContact/4526.hdf5,1
noContact/4078.hdf5,1
noContact/3104.hdf5,1
noContact/3931.hdf5,1
noContact/5951.hdf5,1
noContact/5006.hdf5,1
contact/2729.hdf5,0
contact/1997.hdf5,0
contact/2446.hdf5,0
noContact/5473.hdf5,1
contact/2183.hdf5,0
noContact/5636.hdf5,1
noContact/4567.hdf5,1
noContact/3849.hdf5,1
noContact/4574.hdf5,1
noContact/4217.hdf5,1
noContact/4212.hdf5,1
contact/2737.hdf5,0
noContact/5298.hdf5,1
noContact/4664.hdf5,1
noContact/4123.hdf5,1
contact/1080.hdf5,0
noContact/3323.hdf5,1
contact/1641.hdf5,0
noContact/3403.hdf5,1
contact/1842.hdf5,0
contact/2657.hdf5,0
contact/964.hdf5,0
noContact/5479.hdf5,1
noContact/5418.hdf5,1
contact/1359.hdf5,0
contact/693.hdf5,0
noContact/4201.hdf5,1
noContact/5857.hdf5,1
contact/1899.hdf5,0
noContact/4564.hdf5,1
noContact/4294.hdf5,1
contact/467.hdf5,0
contact/2038.hdf5,0
contact/370.hdf5,0
noContact/3584.hdf5,1
contact/1501.hdf5,0
noContact/3921.hdf5,1
noContact/3467.hdf5,1
noContact/3129.hdf5,1
contact/714.hdf5,0
contact/801.hdf5,0
noContact/3634.hdf5,1
contact/896.hdf5,0
noContact/3770.hdf5,1
noContact/3306.hdf5,1
noContact/4589.hdf5,1
contact/1028.hdf5,0
noContact/4900.hdf5,1
noContact/4283.hdf5,1
noContact/4335.hdf5,1
contact/350.hdf5,0
noContact/5578.hdf5,1
noContact/3399.hdf5,1
noContact/3768.hdf5,1
noContact/5434.hdf5,1
contact/2624.hdf5,0
noContact/5583.hdf5,1
contact/1169.hdf5,0
contact/1884.hdf5,0
contact/1656.hdf5,0
noContact/4517.hdf5,1
noContact/4584.hdf5,1
noContact/5137.hdf5,1
noContact/5375.hdf5,1
noContact/4164.hdf5,1
noContact/6000.hdf5,1
contact/165.hdf5,0
contact/808.hdf5,0
noContact/3951.hdf5,1
noContact/5207.hdf5,1
noContact/3165.hdf5,1
contact/1461.hdf5,0
contact/2176.hdf5,0
noContact/4404.hdf5,1
contact/2554.hdf5,0
noContact/5902.hdf5,1
noContact/4892.hdf5,1
contact/617.hdf5,0
noContact/4844.hdf5,1
noContact/3115.hdf5,1
contact/1649.hdf5,0
noContact/5489.hdf5,1
noContact/5459.hdf5,1
contact/2162.hdf5,0
contact/2259.hdf5,0
contact/2848.hdf5,0
noContact/3237.hdf5,1
contact/711.hdf5,0
contact/2003.hdf5,0
contact/1072.hdf5,0
noContact/5257.hdf5,1
noContact/5419.hdf5,1
noContact/4534.hdf5,1
noContact/4525.hdf5,1
contact/735.hdf5,0
noContact/4375.hdf5,1
contact/537.hdf5,0
noContact/5367.hdf5,1
noContact/4587.hdf5,1
noContact/6037.hdf5,1
noContact/5717.hdf5,1
contact/639.hdf5,0
contact/1061.hdf5,0
noContact/5794.hdf5,1
noContact/3693.hdf5,1
noContact/4617.hdf5,1
contact/977.hdf5,0
noContact/5827.hdf5,1
noContact/5990.hdf5,1
contact/1266.hdf5,0
contact/84.hdf5,0
contact/2212.hdf5,0
contact/1920.hdf5,0
contact/541.hdf5,0
noContact/4151.hdf5,1
contact/2701.hdf5,0
noContact/5995.hdf5,1
noContact/4744.hdf5,1
contact/1642.hdf5,0
contact/1322.hdf5,0
noContact/4218.hdf5,1
noContact/3096.hdf5,1
contact/788.hdf5,0
contact/246.hdf5,0
contact/1725.hdf5,0
contact/901.hdf5,0
noContact/5099.hdf5,1
contact/2470.hdf5,0
contact/1678.hdf5,0
noContact/3688.hdf5,1
noContact/5642.hdf5,1
contact/2612.hdf5,0
contact/1712.hdf5,0
noContact/5342.hdf5,1
noContact/5756.hdf5,1
contact/1054.hdf5,0
noContact/4565.hdf5,1
contact/123.hdf5,0
noContact/5250.hdf5,1
contact/774.hdf5,0
noContact/3905.hdf5,1
noContact/3274.hdf5,1
noContact/3671.hdf5,1
contact/1159.hdf5,0
noContact/4303.hdf5,1
contact/456.hdf5,0
contact/2235.hdf5,0
noContact/3959.hdf5,1
contact/2241.hdf5,0
contact/324.hdf5,0
contact/1464.hdf5,0
contact/93.hdf5,0
noContact/6152.hdf5,1
noContact/5129.hdf5,1
noContact/4914.hdf5,1
noContact/5103.hdf5,1
noContact/5769.hdf5,1
noContact/4687.hdf5,1
contact/1743.hdf5,0
contact/2330.hdf5,0
noContact/5876.hdf5,1
contact/863.hdf5,0
contact/2515.hdf5,0
noContact/5324.hdf5,1
noContact/4244.hdf5,1
noContact/5276.hdf5,1
noContact/5154.hdf5,1
contact/1216.hdf5,0
noContact/3771.hdf5,1
contact/590.hdf5,0
contact/685.hdf5,0
contact/2807.hdf5,0
noContact/4778.hdf5,1
noContact/3838.hdf5,1
noContact/4604.hdf5,1
noContact/5488.hdf5,1
noContact/4913.hdf5,1
noContact/5247.hdf5,1
noContact/6083.hdf5,1
contact/2116.hdf5,0
noContact/3200.hdf5,1
contact/1830.hdf5,0
contact/1095.hdf5,0
contact/91.hdf5,0
noContact/3860.hdf5,1
contact/2213.hdf5,0
noContact/4005.hdf5,1
contact/1129.hdf5,0
contact/1495.hdf5,0
noContact/4440.hdf5,1
contact/1983.hdf5,0
contact/393.hdf5,0
contact/141.hdf5,0
contact/941.hdf5,0
noContact/4243.hdf5,1
noContact/4141.hdf5,1
noContact/4736.hdf5,1
noContact/5608.hdf5,1
contact/640.hdf5,0
contact/2991.hdf5,0
noContact/4894.hdf5,1
noContact/5396.hdf5,1
contact/1452.hdf5,0
contact/280.hdf5,0
contact/2621.hdf5,0
noContact/3277.hdf5,1
noContact/4192.hdf5,1
contact/1182.hdf5,0
noContact/3896.hdf5,1
noContact/4631.hdf5,1
contact/1987.hdf5,0
contact/1283.hdf5,0
noContact/4579.hdf5,1
noContact/3383.hdf5,1
noContact/5800.hdf5,1
contact/2004.hdf5,0
noContact/6069.hdf5,1
noContact/4544.hdf5,1
noContact/4709.hdf5,1
contact/2229.hdf5,0
contact/1586.hdf5,0
contact/2191.hdf5,0
contact/688.hdf5,0
noContact/5117.hdf5,1
noContact/5844.hdf5,1
contact/2012.hdf5,0
contact/2139.hdf5,0
contact/3016.hdf5,0
noContact/4035.hdf5,1
contact/11.hdf5,0
contact/2928.hdf5,0
noContact/4116.hdf5,1
contact/1885.hdf5,0
noContact/5562.hdf5,1
contact/910.hdf5,0
contact/1226.hdf5,0
noContact/6089.hdf5,1
noContact/5803.hdf5,1
contact/1166.hdf5,0
noContact/4013.hdf5,1
contact/1742.hdf5,0
contact/2056.hdf5,0
contact/1778.hdf5,0
noContact/3235.hdf5,1
noContact/4865.hdf5,1
noContact/4734.hdf5,1
contact/214.hdf5,0
noContact/5197.hdf5,1
contact/1270.hdf5,0
noContact/4924.hdf5,1
noContact/5339.hdf5,1
noContact/5532.hdf5,1
noContact/3512.hdf5,1
contact/2501.hdf5,0
noContact/4626.hdf5,1
noContact/3219.hdf5,1
contact/2189.hdf5,0
contact/2381.hdf5,0
contact/2253.hdf5,0
noContact/4718.hdf5,1
contact/526.hdf5,0
noContact/5955.hdf5,1
contact/2746.hdf5,0
noContact/4380.hdf5,1
noContact/4608.hdf5,1
noContact/3862.hdf5,1
contact/206.hdf5,0
contact/696.hdf5,0
contact/745.hdf5,0
noContact/4896.hdf5,1
contact/2979.hdf5,0
noContact/4809.hdf5,1
contact/1827.hdf5,0
contact/253.hdf5,0
noContact/3760.hdf5,1
noContact/3913.hdf5,1
noContact/5904.hdf5,1
contact/227.hdf5,0
contact/1116.hdf5,0
noContact/4030.hdf5,1
contact/2227.hdf5,0
noContact/4004.hdf5,1
noContact/3415.hdf5,1
noContact/4329.hdf5,1
noContact/5835.hdf5,1
contact/878.hdf5,0
contact/1813.hdf5,0
noContact/5885.hdf5,1
noContact/4479.hdf5,1
contact/1243.hdf5,0
noContact/4357.hdf5,1
contact/2113.hdf5,0
noContact/3501.hdf5,1
contact/173.hdf5,0
noContact/3562.hdf5,1
contact/927.hdf5,0
contact/1991.hdf5,0
contact/1596.hdf5,0
contact/1597.hdf5,0
noContact/3536.hdf5,1
contact/2546.hdf5,0
contact/2486.hdf5,0
noContact/5771.hdf5,1
noContact/5024.hdf5,1
noContact/4649.hdf5,1
contact/326.hdf5,0
noContact/5820.hdf5,1
contact/1705.hdf5,0
noContact/3691.hdf5,1
contact/2445.hdf5,0
noContact/3580.hdf5,1
contact/449.hdf5,0
contact/1606.hdf5,0
contact/660.hdf5,0
noContact/5625.hdf5,1
contact/1663.hdf5,0
contact/255.hdf5,0
noContact/5172.hdf5,1
noContact/3893.hdf5,1
contact/2187.hdf5,0
noContact/6070.hdf5,1
noContact/5368.hdf5,1
noContact/3282.hdf5,1
contact/1784.hdf5,0
contact/2946.hdf5,0
contact/2475.hdf5,0
noContact/4387.hdf5,1
noContact/4661.hdf5,1
contact/1702.hdf5,0
noContact/4763.hdf5,1
contact/610.hdf5,0
contact/1938.hdf5,0
contact/1470.hdf5,0
contact/2327.hdf5,0
noContact/4794.hdf5,1
noContact/3177.hdf5,1
noContact/3354.hdf5,1
noContact/6042.hdf5,1
contact/2632.hdf5,0
contact/1720.hdf5,0
noContact/5027.hdf5,1
contact/905.hdf5,0
noContact/4562.hdf5,1
contact/3045.hdf5,0
contact/902.hdf5,0
contact/2409.hdf5,0
noContact/4301.hdf5,1
contact/475.hdf5,0
noContact/3381.hdf5,1
contact/1010.hdf5,0
contact/2009.hdf5,0
contact/641.hdf5,0
contact/2949.hdf5,0
noContact/4429.hdf5,1
contact/2649.hdf5,0
contact/1154.hdf5,0
contact/593.hdf5,0
contact/1084.hdf5,0
noContact/5130.hdf5,1
noContact/3531.hdf5,1
noContact/5845.hdf5,1
noContact/3723.hdf5,1
contact/3021.hdf5,0
contact/2333.hdf5,0
noContact/3576.hdf5,1
noContact/3332.hdf5,1
noContact/4976.hdf5,1
contact/2094.hdf5,0
contact/2614.hdf5,0
noContact/4295.hdf5,1
noContact/3271.hdf5,1
contact/241.hdf5,0
noContact/4569.hdf5,1
noContact/5267.hdf5,1
contact/1345.hdf5,0
contact/157.hdf5,0
contact/2484.hdf5,0
noContact/5641.hdf5,1
contact/2547.hdf5,0
noContact/3713.hdf5,1
noContact/4024.hdf5,1
contact/1447.hdf5,0
noContact/5773.hdf5,1
contact/1973.hdf5,0
contact/899.hdf5,0
contact/184.hdf5,0
noContact/3722.hdf5,1
contact/2834.hdf5,0
noContact/4147.hdf5,1
contact/2211.hdf5,0
contact/2921.hdf5,0
contact/2152.hdf5,0
contact/2712.hdf5,0
contact/2526.hdf5,0
contact/2639.hdf5,0
contact/1365.hdf5,0
contact/876.hdf5,0
noContact/3944.hdf5,1
contact/766.hdf5,0
noContact/5282.hdf5,1
noContact/4790.hdf5,1
noContact/4786.hdf5,1
contact/1809.hdf5,0
noContact/4400.hdf5,1
noContact/5159.hdf5,1
contact/2952.hdf5,0
noContact/3783.hdf5,1
contact/961.hdf5,0
contact/983.hdf5,0
noContact/5931.hdf5,1
contact/2829.hdf5,0
contact/2310.hdf5,0
noContact/3097.hdf5,1
noContact/3924.hdf5,1
noContact/4853.hdf5,1
noContact/5735.hdf5,1
noContact/4495.hdf5,1
noContact/6123.hdf5,1
noContact/5116.hdf5,1
contact/604.hdf5,0
contact/1520.hdf5,0
contact/318.hdf5,0
noContact/3202.hdf5,1
contact/1101.hdf5,0
contact/1004.hdf5,0
contact/2431.hdf5,0
contact/2255.hdf5,0
contact/1415.hdf5,0
contact/552.hdf5,0
noContact/3567.hdf5,1
noContact/6082.hdf5,1
noContact/3957.hdf5,1
contact/1657.hdf5,0
contact/2407.hdf5,0
contact/2219.hdf5,0
contact/2844.hdf5,0
contact/1238.hdf5,0
noContact/3301.hdf5,1
noContact/4787.hdf5,1
contact/1719.hdf5,0
contact/120.hdf5,0
contact/731.hdf5,0
noContact/4091.hdf5,1
noContact/4491.hdf5,1
contact/377.hdf5,0
contact/1235.hdf5,0
noContact/3299.hdf5,1
contact/110.hdf5,0
noContact/3186.hdf5,1
contact/577.hdf5,0
noContact/4484.hdf5,1
contact/200.hdf5,0
noContact/4847.hdf5,1
noContact/3738.hdf5,1
noContact/5101.hdf5,1
noContact/5351.hdf5,1
noContact/6058.hdf5,1
contact/1721.hdf5,0
contact/1436.hdf5,0
noContact/5739.hdf5,1
contact/2141.hdf5,0
contact/65.hdf5,0
contact/362.hdf5,0
noContact/4120.hdf5,1
contact/1817.hdf5,0
contact/692.hdf5,0
contact/1145.hdf5,0
contact/235.hdf5,0
contact/1805.hdf5,0
noContact/4272.hdf5,1
noContact/6125.hdf5,1
contact/2043.hdf5,0
contact/1016.hdf5,0
noContact/6150.hdf5,1
noContact/5067.hdf5,1
noContact/3830.hdf5,1
noContact/3376.hdf5,1
noContact/5030.hdf5,1
contact/2309.hdf5,0
contact/164.hdf5,0
noContact/5075.hdf5,1
noContact/5673.hdf5,1
noContact/4395.hdf5,1
noContact/5791.hdf5,1
noContact/3515.hdf5,1
noContact/5214.hdf5,1
contact/2424.hdf5,0
noContact/3462.hdf5,1
contact/2518.hdf5,0
noContact/4463.hdf5,1
contact/2287.hdf5,0
noContact/4806.hdf5,1
contact/2277.hdf5,0
noContact/5685.hdf5,1
contact/1728.hdf5,0
noContact/5700.hdf5,1
contact/2000.hdf5,0
noContact/3382.hdf5,1
contact/778.hdf5,0
noContact/4177.hdf5,1
contact/2051.hdf5,0
contact/2351.hdf5,0
noContact/4758.hdf5,1
contact/2913.hdf5,0
contact/2556.hdf5,0
noContact/3220.hdf5,1
noContact/3184.hdf5,1
contact/1793.hdf5,0
noContact/3725.hdf5,1
noContact/5788.hdf5,1
contact/3014.hdf5,0
contact/2516.hdf5,0
noContact/6001.hdf5,1
contact/1573.hdf5,0
contact/1002.hdf5,0
noContact/3335.hdf5,1
noContact/5793.hdf5,1
contact/1112.hdf5,0
noContact/5194.hdf5,1
contact/545.hdf5,0
noContact/5188.hdf5,1
noContact/3314.hdf5,1
noContact/4206.hdf5,1
contact/8.hdf5,0
noContact/4262.hdf5,1
noContact/5727.hdf5,1
contact/2950.hdf5,0
noContact/4242.hdf5,1
contact/530.hdf5,0
contact/2590.hdf5,0
contact/2578.hdf5,0
noContact/4277.hdf5,1
noContact/5425.hdf5,1
noContact/5161.hdf5,1
noContact/5183.hdf5,1
contact/874.hdf5,0
contact/780.hdf5,0
noContact/5111.hdf5,1
contact/1356.hdf5,0
contact/2686.hdf5,0
contact/1184.hdf5,0
contact/2570.hdf5,0
noContact/4037.hdf5,1
noContact/4928.hdf5,1
noContact/5910.hdf5,1
noContact/3413.hdf5,1
contact/648.hdf5,0
noContact/5750.hdf5,1
contact/3056.hdf5,0
noContact/5005.hdf5,1
contact/244.hdf5,0
contact/127.hdf5,0
contact/1020.hdf5,0
noContact/3135.hdf5,1
contact/903.hdf5,0
noContact/4121.hdf5,1
contact/1752.hdf5,0
contact/2799.hdf5,0
noContact/3169.hdf5,1
noContact/5591.hdf5,1
contact/814.hdf5,0
noContact/4189.hdf5,1
contact/1327.hdf5,0
contact/2421.hdf5,0
contact/1901.hdf5,0
noContact/4891.hdf5,1
contact/789.hdf5,0
noContact/4997.hdf5,1
contact/623.hdf5,0
contact/394.hdf5,0
noContact/5185.hdf5,1
contact/2667.hdf5,0
noContact/4818.hdf5,1
contact/2103.hdf5,0
noContact/5240.hdf5,1
noContact/4266.hdf5,1
noContact/3175.hdf5,1
contact/2833.hdf5,0
noContact/6063.hdf5,1
contact/2897.hdf5,0
contact/1775.hdf5,0
noContact/4321.hdf5,1
noContact/3710.hdf5,1
noContact/3297.hdf5,1
contact/518.hdf5,0
noContact/5209.hdf5,1
noContact/4161.hdf5,1
contact/1462.hdf5,0
contact/2931.hdf5,0
contact/934.hdf5,0
noContact/5848.hdf5,1
contact/3037.hdf5,0
contact/2302.hdf5,0
noContact/3158.hdf5,1
noContact/6034.hdf5,1
noContact/3252.hdf5,1
contact/770.hdf5,0
noContact/4563.hdf5,1
noContact/5385.hdf5,1
contact/1574.hdf5,0
contact/89.hdf5,0
noContact/6075.hdf5,1
noContact/5896.hdf5,1
contact/2425.hdf5,0
noContact/6060.hdf5,1
noContact/3780.hdf5,1
noContact/5682.hdf5,1
noContact/4578.hdf5,1
noContact/5301.hdf5,1
contact/387.hdf5,0
noContact/5275.hdf5,1
noContact/4707.hdf5,1
noContact/5217.hdf5,1
noContact/4106.hdf5,1
contact/399.hdf5,0
noContact/4307.hdf5,1
contact/2438.hdf5,0
contact/2996.hdf5,0
contact/1852.hdf5,0
noContact/4994.hdf5,1
noContact/4385.hdf5,1
noContact/3923.hdf5,1
contact/2981.hdf5,0
contact/92.hdf5,0
contact/1609.hdf5,0
noContact/5507.hdf5,1
noContact/3527.hdf5,1
noContact/4651.hdf5,1
noContact/4160.hdf5,1
contact/1.hdf5,0
contact/657.hdf5,0
noContact/3758.hdf5,1
noContact/4731.hdf5,1
noContact/5446.hdf5,1
noContact/5153.hdf5,1
contact/1534.hdf5,0
contact/1141.hdf5,0
contact/924.hdf5,0
noContact/4064.hdf5,1
contact/857.hdf5,0
contact/1871.hdf5,0
contact/2071.hdf5,0
contact/3019.hdf5,0
noContact/3969.hdf5,1
contact/2861.hdf5,0
contact/2304.hdf5,0
contact/2797.hdf5,0
noContact/4654.hdf5,1
contact/859.hdf5,0
contact/1354.hdf5,0
noContact/4351.hdf5,1
contact/1015.hdf5,0
noContact/5922.hdf5,1
noContact/4046.hdf5,1
contact/932.hdf5,0
noContact/4817.hdf5,1
contact/57.hdf5,0
contact/2367.hdf5,0
contact/1003.hdf5,0
noContact/3281.hdf5,1
noContact/3948.hdf5,1
contact/1197.hdf5,0
noContact/3189.hdf5,1
noContact/3194.hdf5,1
noContact/5407.hdf5,1
contact/2196.hdf5,0
contact/2199.hdf5,0
noContact/3600.hdf5,1
contact/938.hdf5,0
contact/1192.hdf5,0
noContact/5941.hdf5,1
noContact/3840.hdf5,1
noContact/4969.hdf5,1
noContact/4795.hdf5,1
contact/2815.hdf5,0
contact/1110.hdf5,0
contact/2680.hdf5,0
noContact/5638.hdf5,1
contact/1569.hdf5,0
noContact/4887.hdf5,1
noContact/5248.hdf5,1
contact/2824.hdf5,0
contact/2672.hdf5,0
contact/687.hdf5,0
contact/2696.hdf5,0
noContact/3871.hdf5,1
contact/555.hdf5,0
contact/130.hdf5,0
contact/1626.hdf5,0
noContact/3729.hdf5,1
contact/1089.hdf5,0
contact/509.hdf5,0
contact/1909.hdf5,0
contact/868.hdf5,0
noContact/3537.hdf5,1
noContact/6039.hdf5,1
noContact/5287.hdf5,1
noContact/4131.hdf5,1
contact/1036.hdf5,0
noContact/3506.hdf5,1
contact/637.hdf5,0
noContact/4023.hdf5,1
noContact/4874.hdf5,1
noContact/4819.hdf5,1
contact/706.hdf5,0
noContact/4365.hdf5,1
noContact/5029.hdf5,1
contact/1900.hdf5,0
contact/2058.hdf5,0
noContact/3578.hdf5,1
contact/1468.hdf5,0
noContact/5635.hdf5,1
noContact/5571.hdf5,1
contact/1762.hdf5,0
noContact/3374.hdf5,1
contact/3038.hdf5,0
contact/1982.hdf5,0
noContact/5177.hdf5,1
noContact/5907.hdf5,1
noContact/5914.hdf5,1
contact/1602.hdf5,0
contact/198.hdf5,0
noContact/5382.hdf5,1
noContact/4676.hdf5,1
noContact/3906.hdf5,1
contact/522.hdf5,0
contact/1414.hdf5,0
contact/1033.hdf5,0
noContact/6111.hdf5,1
noContact/4461.hdf5,1
contact/2869.hdf5,0
contact/2045.hdf5,0
noContact/4441.hdf5,1
contact/1494.hdf5,0
noContact/3877.hdf5,1
noContact/4393.hdf5,1
contact/1062.hdf5,0
noContact/4623.hdf5,1
noContact/5174.hdf5,1
contact/2541.hdf5,0
noContact/3755.hdf5,1
noContact/5726.hdf5,1
contact/1276.hdf5,0
noContact/4754.hdf5,1
noContact/3330.hdf5,1
contact/2029.hdf5,0
noContact/5178.hdf5,1
noContact/4143.hdf5,1
contact/2436.hdf5,0
contact/2293.hdf5,0
contact/1730.hdf5,0
noContact/5593.hdf5,1
noContact/5023.hdf5,1
contact/968.hdf5,0
contact/1621.hdf5,0
noContact/6046.hdf5,1
contact/1167.hdf5,0
noContact/5139.hdf5,1
contact/1289.hdf5,0
contact/704.hdf5,0
noContact/4637.hdf5,1
noContact/5998.hdf5,1
noContact/4656.hdf5,1
contact/234.hdf5,0
contact/1886.hdf5,0
noContact/3785.hdf5,1
contact/1674.hdf5,0
contact/1334.hdf5,0
noContact/4771.hdf5,1
noContact/4530.hdf5,1
noContact/4195.hdf5,1
noContact/5102.hdf5,1
noContact/3624.hdf5,1
contact/2369.hdf5,0
noContact/4363.hdf5,1
noContact/5534.hdf5,1
contact/2379.hdf5,0
contact/620.hdf5,0
noContact/3647.hdf5,1
noContact/3136.hdf5,1
contact/540.hdf5,0
contact/2910.hdf5,0
contact/3032.hdf5,0
noContact/5334.hdf5,1
contact/119.hdf5,0
contact/1779.hdf5,0
noContact/3156.hdf5,1
contact/380.hdf5,0
noContact/4885.hdf5,1
contact/2459.hdf5,0
contact/2592.hdf5,0
contact/316.hdf5,0
noContact/3946.hdf5,1
noContact/4209.hdf5,1
contact/2528.hdf5,0
contact/2691.hdf5,0
contact/747.hdf5,0
contact/649.hdf5,0
contact/2690.hdf5,0
contact/813.hdf5,0
contact/1679.hdf5,0
noContact/3754.hdf5,1
contact/369.hdf5,0
contact/1776.hdf5,0
noContact/5621.hdf5,1
noContact/5126.hdf5,1
contact/1482.hdf5,0
noContact/4702.hdf5,1
contact/2455.hdf5,0
noContact/4945.hdf5,1
noContact/4843.hdf5,1
noContact/4792.hdf5,1
noContact/4180.hdf5,1
contact/1418.hdf5,0
noContact/3312.hdf5,1
contact/1376.hdf5,0
contact/2481.hdf5,0
contact/2066.hdf5,0
noContact/5612.hdf5,1
noContact/5602.hdf5,1
noContact/5882.hdf5,1
noContact/4069.hdf5,1
contact/1905.hdf5,0
contact/2248.hdf5,0
noContact/3514.hdf5,1
noContact/3267.hdf5,1
contact/1859.hdf5,0
noContact/4995.hdf5,1
noContact/5969.hdf5,1
contact/2775.hdf5,0
noContact/5481.hdf5,1
noContact/5831.hdf5,1
contact/1833.hdf5,0
noContact/3861.hdf5,1
contact/438.hdf5,0
contact/2892.hdf5,0
noContact/3224.hdf5,1
noContact/5414.hdf5,1
noContact/5087.hdf5,1
contact/2506.hdf5,0
noContact/3353.hdf5,1
noContact/5504.hdf5,1
contact/503.hdf5,0
contact/702.hdf5,0
contact/2707.hdf5,0
noContact/4070.hdf5,1
noContact/4221.hdf5,1
contact/2606.hdf5,0
noContact/5564.hdf5,1
noContact/5858.hdf5,1
noContact/6040.hdf5,1
noContact/5779.hdf5,1
noContact/5859.hdf5,1
contact/2598.hdf5,0
contact/49.hdf5,0
contact/1893.hdf5,0
contact/1860.hdf5,0
contact/1943.hdf5,0
contact/2768.hdf5,0
contact/156.hdf5,0
noContact/6122.hdf5,1
contact/208.hdf5,0
noContact/3926.hdf5,1
contact/415.hdf5,0
noContact/5557.hdf5,1
contact/572.hdf5,0
noContact/4761.hdf5,1
noContact/4696.hdf5,1
contact/1896.hdf5,0
noContact/4480.hdf5,1
contact/539.hdf5,0
noContact/5763.hdf5,1
contact/515.hdf5,0
contact/2305.hdf5,0
contact/2239.hdf5,0
noContact/6102.hdf5,1
contact/3076.hdf5,0
noContact/5311.hdf5,1
noContact/4730.hdf5,1
contact/2509.hdf5,0
contact/926.hdf5,0
noContact/3149.hdf5,1
contact/1970.hdf5,0
contact/2177.hdf5,0
contact/710.hdf5,0
contact/2697.hdf5,0
noContact/3160.hdf5,1
noContact/5338.hdf5,1
contact/2819.hdf5,0
noContact/3339.hdf5,1
noContact/3650.hdf5,1
noContact/5554.hdf5,1
contact/2669.hdf5,0
contact/678.hdf5,0
noContact/4338.hdf5,1
contact/975.hdf5,0
contact/1902.hdf5,0
contact/853.hdf5,0
noContact/4888.hdf5,1
noContact/3619.hdf5,1
noContact/4474.hdf5,1
noContact/5120.hdf5,1
contact/679.hdf5,0
contact/2646.hdf5,0
noContact/3254.hdf5,1
noContact/5767.hdf5,1
noContact/4465.hdf5,1
noContact/3610.hdf5,1
noContact/4986.hdf5,1
contact/3061.hdf5,0
contact/457.hdf5,0
noContact/6104.hdf5,1
contact/2966.hdf5,0
contact/2192.hdf5,0
contact/1242.hdf5,0
noContact/4108.hdf5,1
noContact/6022.hdf5,1
noContact/3606.hdf5,1
contact/2267.hdf5,0
contact/2728.hdf5,0
contact/481.hdf5,0
contact/2987.hdf5,0
contact/2687.hdf5,0
contact/1474.hdf5,0
noContact/4745.hdf5,1
contact/1648.hdf5,0
noContact/4869.hdf5,1
noContact/3609.hdf5,1
contact/1248.hdf5,0
noContact/3204.hdf5,1
noContact/3825.hdf5,1
noContact/6072.hdf5,1
noContact/4921.hdf5,1
contact/517.hdf5,0
noContact/5438.hdf5,1
contact/2929.hdf5,0
noContact/4176.hdf5,1
noContact/4362.hdf5,1
noContact/4392.hdf5,1
contact/822.hdf5,0
noContact/3731.hdf5,1
noContact/4080.hdf5,1
noContact/3494.hdf5,1
contact/237.hdf5,0
noContact/4096.hdf5,1
noContact/3750.hdf5,1
noContact/4426.hdf5,1
contact/1925.hdf5,0
noContact/5082.hdf5,1
contact/1855.hdf5,0
contact/20.hdf5,0
noContact/3459.hdf5,1
noContact/3866.hdf5,1
contact/44.hdf5,0
contact/1460.hdf5,0
contact/1299.hdf5,0
noContact/4360.hdf5,1
contact/2851.hdf5,0
noContact/3355.hdf5,1
contact/2990.hdf5,0
noContact/4031.hdf5,1
contact/750.hdf5,0
noContact/3325.hdf5,1
contact/322.hdf5,0
noContact/4538.hdf5,1
contact/18.hdf5,0
noContact/5890.hdf5,1
contact/2222.hdf5,0
contact/1397.hdf5,0
noContact/6020.hdf5,1
noContact/4979.hdf5,1
noContact/6118.hdf5,1
contact/1584.hdf5,0
noContact/5807.hdf5,1
contact/2125.hdf5,0
noContact/5987.hdf5,1
contact/2468.hdf5,0
contact/1043.hdf5,0
noContact/3846.hdf5,1
contact/27.hdf5,0
contact/1357.hdf5,0
contact/2911.hdf5,0
noContact/4003.hdf5,1
contact/1247.hdf5,0
noContact/5656.hdf5,1
noContact/5576.hdf5,1
contact/2417.hdf5,0
contact/1093.hdf5,0
noContact/4251.hdf5,1
contact/2670.hdf5,0
noContact/3918.hdf5,1
noContact/3715.hdf5,1
contact/753.hdf5,0
contact/2178.hdf5,0
noContact/3904.hdf5,1
contact/1018.hdf5,0
noContact/4398.hdf5,1
noContact/3493.hdf5,1
noContact/5215.hdf5,1
noContact/3685.hdf5,1
noContact/4344.hdf5,1
contact/1879.hdf5,0
contact/754.hdf5,0
noContact/4257.hdf5,1
noContact/5018.hdf5,1
noContact/5035.hdf5,1
contact/2171.hdf5,0
contact/1200.hdf5,0
noContact/4182.hdf5,1
contact/2226.hdf5,0
noContact/4342.hdf5,1
noContact/5322.hdf5,1
contact/2289.hdf5,0
noContact/3692.hdf5,1
contact/819.hdf5,0
noContact/3806.hdf5,1
noContact/4586.hdf5,1
contact/947.hdf5,0
contact/2452.hdf5,0
noContact/5841.hdf5,1
contact/1579.hdf5,0
contact/680.hdf5,0
contact/14.hdf5,0
contact/2052.hdf5,0
noContact/3618.hdf5,1
noContact/5009.hdf5,1
contact/2776.hdf5,0
noContact/4372.hdf5,1
contact/40.hdf5,0
contact/568.hdf5,0
noContact/4181.hdf5,1
contact/2975.hdf5,0
noContact/4536.hdf5,1
noContact/3386.hdf5,1
noContact/3819.hdf5,1
contact/1170.hdf5,0
contact/221.hdf5,0
noContact/4379.hdf5,1
noContact/4871.hdf5,1
contact/181.hdf5,0
noContact/4667.hdf5,1
contact/513.hdf5,0
contact/66.hdf5,0
noContact/5601.hdf5,1
noContact/4268.hdf5,1
noContact/4533.hdf5,1
contact/2054.hdf5,0
contact/1849.hdf5,0
noContact/4915.hdf5,1
noContact/4186.hdf5,1
noContact/3879.hdf5,1
contact/2339.hdf5,0
noContact/5156.hdf5,1
noContact/5306.hdf5,1
contact/1535.hdf5,0
contact/2894.hdf5,0
noContact/5097.hdf5,1
contact/2886.hdf5,0
contact/2231.hdf5,0
contact/2571.hdf5,0
contact/2852.hdf5,0
contact/2173.hdf5,0
contact/1204.hdf5,0
noContact/5752.hdf5,1
noContact/3490.hdf5,1
noContact/3603.hdf5,1
contact/531.hdf5,0
contact/2500.hdf5,0
contact/1733.hdf5,0
contact/744.hdf5,0
contact/1839.hdf5,0
contact/2802.hdf5,0
contact/2536.hdf5,0
contact/2840.hdf5,0
contact/3047.hdf5,0
contact/2962.hdf5,0
noContact/4895.hdf5,1
noContact/5517.hdf5,1
contact/1307.hdf5,0
contact/1339.hdf5,0
noContact/4956.hdf5,1
noContact/5732.hdf5,1
contact/2400.hdf5,0
contact/2537.hdf5,0
contact/166.hdf5,0
noContact/4127.hdf5,1
noContact/5708.hdf5,1
noContact/5870.hdf5,1
contact/1353.hdf5,0
contact/264.hdf5,0
noContact/5566.hdf5,1
noContact/4684.hdf5,1
contact/2915.hdf5,0
noContact/5740.hdf5,1
contact/2660.hdf5,0
contact/721.hdf5,0
noContact/4453.hdf5,1
noContact/4782.hdf5,1
contact/2836.hdf5,0
noContact/4014.hdf5,1
noContact/4931.hdf5,1
noContact/4940.hdf5,1
contact/2464.hdf5,0
noContact/5944.hdf5,1
contact/2630.hdf5,0
noContact/3775.hdf5,1
contact/2372.hdf5,0
contact/2132.hdf5,0
noContact/3737.hdf5,1
contact/1438.hdf5,0
contact/2596.hdf5,0
contact/785.hdf5,0
noContact/3298.hdf5,1
contact/1150.hdf5,0
noContact/3470.hdf5,1
contact/2358.hdf5,0
noContact/5089.hdf5,1
noContact/3706.hdf5,1
contact/846.hdf5,0
contact/2463.hdf5,0
noContact/3717.hdf5,1
noContact/5693.hdf5,1
noContact/3594.hdf5,1
noContact/5670.hdf5,1
noContact/3670.hdf5,1
contact/1703.hdf5,0
contact/2472.hdf5,0
contact/771.hdf5,0
noContact/5661.hdf5,1
noContact/5463.hdf5,1
contact/1092.hdf5,0
noContact/5590.hdf5,1
noContact/5974.hdf5,1
contact/841.hdf5,0
noContact/6062.hdf5,1
noContact/4509.hdf5,1
contact/2157.hdf5,0
noContact/4447.hdf5,1
contact/1310.hdf5,0
noContact/4150.hdf5,1
contact/1009.hdf5,0
noContact/3938.hdf5,1
contact/454.hdf5,0
contact/224.hdf5,0
noContact/3669.hdf5,1
contact/1246.hdf5,0
contact/3042.hdf5,0
noContact/5581.hdf5,1
contact/1152.hdf5,0
contact/1122.hdf5,0
noContact/4196.hdf5,1
noContact/3094.hdf5,1
contact/875.hdf5,0
noContact/4016.hdf5,1
contact/570.hdf5,0
noContact/5535.hdf5,1
contact/383.hdf5,0
noContact/3612.hdf5,1
noContact/5286.hdf5,1
contact/2593.hdf5,0
noContact/4054.hdf5,1
noContact/5860.hdf5,1
contact/50.hdf5,0
noContact/5443.hdf5,1
contact/803.hdf5,0
noContact/4636.hdf5,1
contact/689.hdf5,0
noContact/5108.hdf5,1
contact/2825.hdf5,0
contact/601.hdf5,0
contact/622.hdf5,0
contact/2487.hdf5,0
noContact/5911.hdf5,1
contact/2617.hdf5,0
noContact/5692.hdf5,1
contact/1025.hdf5,0
contact/1662.hdf5,0
contact/1225.hdf5,0
contact/1011.hdf5,0
contact/339.hdf5,0
contact/636.hdf5,0
contact/2134.hdf5,0
contact/1209.hdf5,0
contact/1939.hdf5,0
noContact/4863.hdf5,1
contact/2031.hdf5,0
noContact/4011.hdf5,1
contact/137.hdf5,0
contact/2822.hdf5,0
contact/298.hdf5,0
noContact/5962.hdf5,1
contact/2548.hdf5,0
contact/2647.hdf5,0
contact/618.hdf5,0
contact/2980.hdf5,0
noContact/4854.hdf5,1
noContact/5754.hdf5,1
noContact/3932.hdf5,1
contact/690.hdf5,0
contact/1336.hdf5,0
noContact/5423.hdf5,1
noContact/3843.hdf5,1
contact/887.hdf5,0
noContact/4966.hdf5,1
noContact/3113.hdf5,1
contact/1613.hdf5,0
contact/1937.hdf5,0
noContact/3943.hdf5,1
contact/1843.hdf5,0
noContact/4032.hdf5,1
noContact/3359.hdf5,1
contact/306.hdf5,0
noContact/5151.hdf5,1
noContact/5509.hdf5,1
noContact/3427.hdf5,1
contact/1490.hdf5,0
noContact/3114.hdf5,1
contact/1967.hdf5,0
noContact/4237.hdf5,1
contact/1811.hdf5,0
noContact/5236.hdf5,1
contact/2684.hdf5,0
noContact/4998.hdf5,1
contact/25.hdf5,0
noContact/4249.hdf5,1
noContact/4842.hdf5,1
contact/1239.hdf5,0
contact/856.hdf5,0
contact/764.hdf5,0
contact/386.hdf5,0
noContact/5357.hdf5,1
noContact/6052.hdf5,1
contact/1124.hdf5,0
noContact/3698.hdf5,1
noContact/5897.hdf5,1
noContact/5654.hdf5,1
noContact/4464.hdf5,1
noContact/5422.hdf5,1
contact/191.hdf5,0
noContact/4660.hdf5,1
contact/2796.hdf5,0
noContact/5223.hdf5,1
noContact/5080.hdf5,1
contact/1427.hdf5,0
contact/286.hdf5,0
contact/1668.hdf5,0
contact/1796.hdf5,0
noContact/5540.hdf5,1
noContact/3357.hdf5,1
contact/172.hdf5,0
contact/1098.hdf5,0
noContact/5060.hdf5,1
contact/2120.hdf5,0
contact/550.hdf5,0
noContact/5326.hdf5,1
noContact/4671.hdf5,1
noContact/4240.hdf5,1
contact/2951.hdf5,0
noContact/6054.hdf5,1
contact/2297.hdf5,0
contact/1661.hdf5,0
contact/565.hdf5,0
noContact/5563.hdf5,1
contact/2143.hdf5,0
contact/806.hdf5,0
contact/63.hdf5,0
noContact/5697.hdf5,1
contact/867.hdf5,0
contact/257.hdf5,0
noContact/5034.hdf5,1
noContact/3781.hdf5,1
